num_pairs,n_other,n_self,cutoff_word_global_lm,k_other,k_self,lambda_local,fscore
4,1,1,6,1.0,0.1,0.05,0.8668725587988348
4,1,1,6,0.95,0.1,0.05,0.8660620479550278
4,1,1,8,1.0,0.1,0.05,0.865625129297022
4,1,1,7,1.0,0.1,0.05,0.8652337143352838
4,1,1,10,1.0,0.1,0.05,0.865005250309961
4,1,1,9,0.95,0.1,0.05,0.8646134227003758
4,1,1,5,1.0,0.1,0.05,0.8644478742497748
4,1,1,5,0.95,0.1,0.05,0.864431843978017
4,1,1,10,0.85,0.1,0.05,0.8642148815154537
4,1,1,5,0.9,0.1,0.05,0.8640839518988817
4,1,1,10,0.95,0.1,0.05,0.8640817352427407
4,1,1,9,1.0,0.1,0.05,0.8639837865946074
4,1,1,8,0.9,0.1,0.05,0.863977116187219
4,1,1,8,0.95,0.1,0.05,0.863977116187219
4,1,1,10,0.9,0.1,0.05,0.8639583395854938
4,1,1,9,0.9,0.1,0.05,0.8638174603488326
4,1,1,7,0.95,0.1,0.05,0.8637301687434974
4,1,1,6,0.5,0.1,0.3,0.8636915234291418
4,1,1,7,0.9,0.1,0.05,0.8635933668562211
4,1,1,6,0.9,0.1,0.05,0.8632194420082632
4,1,1,4,1.0,0.1,0.05,0.8632191959690964
4,1,1,9,0.85,0.1,0.05,0.8630790892534914
4,1,1,4,0.95,0.1,0.05,0.8630260198035355
4,1,1,3,0.9,0.1,0.05,0.8623734285448871
4,1,1,3,1.0,0.1,0.05,0.8622936052626977
4,1,1,5,0.85,0.1,0.05,0.862184045082812
4,1,1,5,0.8,0.1,0.05,0.8618980036059221
4,1,1,3,0.85,0.1,0.05,0.8617811393450507
4,1,1,3,0.95,0.1,0.05,0.8616752747665753
4,1,1,2,1.0,0.1,0.05,0.8616322731020085
4,1,1,6,0.75,0.1,0.05,0.861577516543575
4,1,1,9,0.8,0.1,0.05,0.8614400501444995
4,1,1,6,0.5,0.1,0.25,0.8614399100437465
4,1,1,6,0.8,0.1,0.05,0.8614210158889037
4,1,1,4,0.5,0.1,0.3,0.8613827211676371
4,1,1,1,0.95,0.1,0.05,0.8613468385185321
4,1,1,1,1.0,0.1,0.05,0.8613468385185321
4,1,1,8,0.85,0.1,0.05,0.8613081335424362
5,1,1,7,0.65,0.1,0.4,0.8611152986651178
4,1,1,2,0.95,0.1,0.05,0.8610159998180661
4,1,1,8,0.75,0.1,0.05,0.8607533988039565
5,1,1,6,0.9,0.1,0.4,0.8607307154716389
4,1,1,8,0.8,0.1,0.05,0.8607154978654641
5,1,1,7,0.65,0.1,0.35,0.8606360643577197
5,1,1,6,0.9,0.1,0.35,0.8604902847879012
4,1,1,6,0.85,0.1,0.05,0.8604533045309578
4,1,1,10,0.8,0.1,0.05,0.8603822367784245
5,1,1,9,0.65,0.1,0.5,0.8602448796876585
4,1,1,4,0.5,0.1,0.25,0.8602385010893698
5,1,1,6,0.9,0.1,0.3,0.8601963543329153
5,1,1,7,0.65,0.1,0.3,0.8601775596385748
4,1,1,4,0.9,0.1,0.05,0.8601538679694116
5,1,1,8,0.65,0.1,0.3,0.8601086094197378
4,1,1,2,0.9,0.1,0.05,0.8600798495921576
4,1,1,9,0.6,0.1,0.05,0.860056252812291
5,1,1,9,0.65,0.1,0.45,0.8600166257570502
5,1,1,6,0.9,0.1,0.25,0.8600141780254581
4,1,1,1,0.8,0.1,0.05,0.8599531509553969
4,1,1,2,0.8,0.1,0.05,0.8599531509553969
4,1,1,1,0.85,0.1,0.05,0.8599531509553969
4,1,1,2,0.85,0.1,0.05,0.8599531509553969
4,1,1,1,0.75,0.1,0.05,0.8598423295514902
4,1,1,10,0.65,0.1,0.05,0.8598154518152576
4,1,1,2,0.75,0.1,0.05,0.8598114832894066
4,1,1,9,0.65,0.1,0.05,0.8598079756084005
5,1,1,9,0.65,0.1,0.4,0.8597973157119355
4,1,1,10,0.6,0.1,0.05,0.8597530736476162
4,1,1,10,0.75,0.1,0.05,0.8597525404673101
4,1,1,10,0.55,0.1,0.05,0.8597294725799489
5,1,1,6,0.9,0.1,0.2,0.8596780136568379
4,1,1,9,0.75,0.1,0.05,0.8596557423866846
4,1,1,1,0.9,0.1,0.05,0.8596362197570804
4,1,1,6,0.7,0.1,0.05,0.8595779727780126
4,1,1,9,0.7,0.1,0.05,0.8595137846259417
4,1,1,10,0.7,0.1,0.05,0.8595137846259417
5,1,1,9,0.65,0.1,0.35,0.8593431036925804
4,1,1,4,0.5,0.1,0.2,0.859263246084365
4,1,1,3,0.5,0.1,0.25,0.8592535003044748
4,1,1,7,0.75,0.1,0.05,0.8592401642998302
4,1,1,3,0.75,0.1,0.05,0.8591864780671173
4,1,1,3,0.8,0.1,0.05,0.8591864780671173
4,1,1,10,0.5,0.1,0.05,0.8591417797834648
5,1,1,6,0.75,0.1,0.25,0.8591295781028725
4,1,1,3,0.5,0.1,0.2,0.8590522558827921
4,1,1,7,0.85,0.1,0.05,0.8590095243861459
4,1,1,6,0.5,0.1,0.2,0.8588714363712082
4,1,1,4,0.75,0.1,0.05,0.8588153526859671
4,1,1,3,0.7,0.1,0.05,0.8587914326373285
4,1,1,7,0.8,0.1,0.05,0.8587762757032191
4,1,1,4,0.8,0.1,0.05,0.858733164664158
4,1,1,4,0.85,0.1,0.05,0.8587032931248526
4,1,1,6,0.5,0.1,0.15,0.8586441483775061
5,1,1,5,0.9,0.1,0.05,0.8585894012385776
5,1,1,5,0.85,0.1,0.05,0.8584995846667876
5,1,1,5,0.95,0.1,0.05,0.8584667688043353
5,1,1,7,0.65,0.1,0.25,0.8584271021880087
5,1,1,4,0.7,0.1,0.05,0.8584200340219027
5,1,1,3,0.85,0.1,0.05,0.858403655721632
4,1,1,8,0.65,0.1,0.05,0.8583817935537554
5,1,1,6,0.75,0.1,0.2,0.8583538461795538
5,1,1,4,0.8,0.1,0.05,0.858275362759971
5,1,1,4,0.65,0.1,0.05,0.8582466755131218
4,1,1,7,0.65,0.1,0.05,0.8581949301886166
4,1,1,7,0.7,0.1,0.05,0.8581656653751821
4,1,1,8,0.6,0.1,0.05,0.8581201635490847
5,1,1,8,0.65,0.1,0.25,0.8581066620646892
5,1,1,4,0.75,0.1,0.05,0.8579860676240639
4,1,1,8,0.7,0.1,0.05,0.8579334737172776
4,1,1,4,0.5,0.1,0.15,0.8578446075934039
5,1,1,8,0.9,0.1,0.1,0.8578282108992324
4,1,1,4,0.7,0.1,0.05,0.8577294748242033
5,1,1,8,0.95,0.1,0.1,0.8576870339840367
5,1,1,6,0.5,0.1,0.1,0.8575961800011812
5,1,1,5,1.0,0.1,0.05,0.8575744715098632
5,1,1,3,0.95,0.1,0.05,0.857549188444415
5,1,1,7,0.5,0.1,0.1,0.8574941355038241
5,1,1,3,0.9,0.1,0.05,0.8574800799677988
4,1,1,3,0.5,0.1,0.15,0.8574648395888527
5,1,1,9,0.65,0.1,0.3,0.8574374847505868
4,1,1,9,0.55,0.1,0.05,0.8574184606310726
5,1,1,5,0.8,0.1,0.05,0.8574005341792991
5,1,1,6,0.8,0.1,0.1,0.8573863215242783
5,1,1,5,0.7,0.1,0.1,0.857356678079666
5,1,1,6,1.0,0.1,0.05,0.8573402287480297
5,1,1,6,0.55,0.1,0.1,0.8573333609638131
5,1,1,5,0.75,0.1,0.1,0.8573260887300935
5,1,1,8,1.0,0.1,0.1,0.8572868659748418
5,1,1,3,0.5,0.1,0.05,0.8572324345271176
4,1,1,5,0.6,0.1,0.05,0.8572242336842544
4,1,1,9,0.5,0.1,0.05,0.8571815544387444
5,1,1,6,0.95,0.1,0.1,0.8570912038707003
4,1,1,6,0.6,0.1,0.05,0.8570768431077014
5,1,1,6,0.85,0.1,0.1,0.8570146338558032
5,1,1,8,0.95,0.1,0.05,0.8570021942884057
5,1,1,7,0.85,0.1,0.1,0.8569833735372753
5,1,1,6,0.7,0.1,0.1,0.856980757052896
4,1,1,6,0.65,0.1,0.05,0.8569643082703854
4,1,1,8,0.55,0.1,0.05,0.856914641885885
5,1,1,7,0.75,0.1,0.1,0.8568874176624203
5,1,1,4,1.0,0.1,0.05,0.8568830745428975
5,1,1,4,0.95,0.1,0.05,0.8568806414902617
5,1,1,4,0.9,0.1,0.05,0.8568792724186838
5,1,1,8,0.9,0.1,0.05,0.856870288429786
5,1,1,5,0.6,0.1,0.1,0.8568603312997906
5,1,1,5,0.65,0.1,0.1,0.8568603312997906
4,1,1,3,0.65,0.1,0.05,0.8568493832361754
5,1,1,8,0.5,0.1,0.15,0.8568431686786614
5,1,1,7,0.8,0.1,0.1,0.8568220456832495
5,1,1,9,1.0,0.1,0.1,0.8568136766382564
5,1,1,10,0.5,0.1,0.2,0.8568128048814372
5,1,1,4,0.85,0.1,0.05,0.8568013973774659
5,1,1,5,0.55,0.1,0.1,0.8567978620034248
5,1,1,3,1.0,0.1,0.05,0.8567904482713781
4,1,1,5,0.75,0.1,0.1,0.8567611689676072
5,1,1,6,0.9,0.1,0.15,0.8567484649512904
5,1,1,6,0.85,0.1,0.05,0.8566699016360282
4,1,1,4,0.65,0.1,0.05,0.8566608105211218
5,1,1,9,0.75,0.1,0.15,0.85662369763753
4,1,1,5,0.7,0.1,0.05,0.8566173832451522
5,1,1,6,0.6,0.1,0.1,0.8565987697626843
4,1,1,4,0.6,0.1,0.05,0.8565760382747817
5,1,1,9,0.5,0.1,0.15,0.8565718784358295
5,1,1,6,0.8,0.1,0.05,0.8565691454041016
5,1,1,3,0.8,0.1,0.05,0.8565676594400612
5,1,1,6,0.9,0.1,0.1,0.8565626373065552
5,1,1,9,0.95,0.1,0.05,0.8565053805674617
5,1,1,10,0.9,0.1,0.15,0.8564954081007338
5,1,1,7,0.55,0.1,0.1,0.8564908029619827
5,1,1,5,0.6,0.1,0.05,0.8564514746958052
4,1,1,1,0.65,0.1,0.05,0.8564164284439016
5,1,1,5,0.65,0.1,0.05,0.8564094712649098
5,1,1,5,0.5,0.1,0.1,0.8563943565438064
4,1,1,5,0.65,0.1,0.05,0.8563913618020923
5,1,1,6,0.75,0.1,0.15,0.8563856397193318
5,1,1,6,0.75,0.1,0.1,0.8563766205936446
4,1,1,1,0.7,0.1,0.05,0.8563057012557287
5,1,1,7,1.0,0.1,0.05,0.8563010032865356
5,1,1,7,0.9,0.1,0.1,0.8562284109652861
5,1,1,6,0.95,0.1,0.05,0.8561899689050146
5,1,1,10,0.75,0.1,0.15,0.8561750429913523
5,1,1,9,0.85,0.1,0.05,0.8561636292366334
5,1,1,3,0.55,0.1,0.05,0.8561635765451534
5,1,1,7,0.7,0.1,0.15,0.8561418633617975
5,1,1,4,0.5,0.1,0.1,0.8561418424358481
5,1,1,3,0.6,0.1,0.05,0.8561368862511106
5,1,1,6,0.65,0.1,0.15,0.8561207643154738
5,1,1,3,0.65,0.1,0.05,0.8561154337164841
4,1,1,5,0.75,0.1,0.05,0.8561128957410606
5,1,1,10,1.0,0.1,0.2,0.856102447383618
5,1,1,10,0.95,0.1,0.2,0.8560756849443888
5,1,1,9,0.9,0.1,0.05,0.8560614428764238
5,1,1,5,0.75,0.1,0.05,0.8560416950744941
5,1,1,10,0.85,0.1,0.05,0.8560403712878695
5,1,1,7,0.65,0.1,0.2,0.8560318497937711
5,1,1,8,0.65,0.1,0.2,0.8560242292826219
5,1,1,5,0.55,0.1,0.05,0.8560232286253769
5,1,1,10,0.95,0.1,0.15,0.8560227665036463
5,1,1,10,1.0,0.1,0.15,0.8560227665036463
5,1,1,10,0.9,0.1,0.1,0.8560181952476839
5,1,1,8,0.55,0.1,0.15,0.8560100776403465
5,1,1,10,0.9,0.1,0.05,0.8559863457878255
5,1,1,4,0.55,0.1,0.05,0.8559556780000763
5,1,1,4,0.6,0.1,0.05,0.8559556780000763
4,1,1,3,0.6,0.1,0.05,0.8559496081511664
4,1,1,3,0.55,0.1,0.05,0.8559209280815828
5,1,1,4,0.5,0.1,0.05,0.8559080958947035
5,1,1,5,0.7,0.1,0.05,0.8558917755107601
5,1,1,8,1.0,0.1,0.05,0.8558858538402384
5,1,1,10,0.55,0.1,0.15,0.8558324546932146
5,1,1,6,0.9,0.1,0.05,0.8557624880020963
5,1,1,10,0.8,0.1,0.15,0.8557431728578281
4,1,1,2,0.65,0.1,0.05,0.8557244205812184
4,1,1,2,0.7,0.1,0.05,0.8557244205812184
5,1,1,9,0.8,0.1,0.15,0.8557238195437452
5,1,1,8,0.8,0.1,0.1,0.8556911960522277
4,1,1,8,0.5,0.1,0.05,0.8556847116473584
5,1,1,7,0.7,0.1,0.1,0.8556835529848789
5,1,1,8,0.85,0.1,0.05,0.8556447648331602
4,1,1,5,0.5,0.1,0.05,0.8556444104003536
5,1,1,10,0.7,0.1,0.15,0.8556377332729314
5,1,1,7,0.6,0.1,0.15,0.8556263769407458
5,1,1,7,0.65,0.1,0.15,0.8556263769407458
5,1,1,7,0.95,0.1,0.1,0.8556103559275909
5,1,1,9,0.65,0.1,0.25,0.8556012787925548
5,1,1,3,0.7,0.1,0.05,0.855580171025577
5,1,1,6,0.65,0.1,0.1,0.8555433984342692
5,1,1,10,0.8,0.1,0.1,0.8555322917574798
5,1,1,9,0.75,0.1,0.1,0.8555146483100264
5,1,1,8,0.75,0.1,0.1,0.8555052262133916
5,1,1,9,0.8,0.1,0.1,0.8555031042984824
4,1,1,1,0.6,0.1,0.1,0.8554861709352235
5,1,1,6,0.75,0.1,0.05,0.8554066580314913
5,1,1,6,0.7,0.1,0.05,0.8553690886121127
5,1,1,3,0.75,0.1,0.05,0.8552965359840746
4,1,1,7,0.6,0.1,0.05,0.8552381705609553
4,1,1,4,0.55,0.1,0.05,0.8551964152473003
5,1,1,10,1.0,0.1,0.1,0.8551617774290983
5,1,1,10,0.6,0.1,0.15,0.85515720451217
5,1,1,6,0.65,0.1,0.05,0.855116343037044
5,1,1,10,0.65,0.1,0.15,0.8551132233283262
5,1,1,7,0.95,0.1,0.05,0.8551056961338349
5,1,1,8,0.5,0.1,0.1,0.855080827180107
5,1,1,10,0.95,0.1,0.1,0.8550326853688933
5,1,1,7,0.9,0.1,0.05,0.8550266526561541
5,1,1,10,0.5,0.1,0.15,0.8550017458093175
5,1,1,10,0.75,0.1,0.1,0.8549989727241608
5,1,1,8,0.55,0.1,0.1,0.8549856005914923
5,1,1,7,0.65,0.1,0.1,0.8549814077500831
5,1,1,9,0.7,0.1,0.1,0.8549780045448793
4,1,1,6,0.55,0.1,0.05,0.854970971465078
5,1,1,7,0.85,0.1,0.05,0.8549703589955371
5,1,1,9,0.65,0.1,0.2,0.8548904828231706
5,1,1,6,0.6,0.1,0.05,0.8548754417798469
4,1,1,2,0.55,0.1,0.05,0.8548626599925292
4,1,1,2,0.6,0.1,0.05,0.8548626599925292
4,1,1,5,0.55,0.1,0.05,0.8548599638136741
4,1,1,2,0.5,0.1,0.05,0.8548498922977845
5,1,1,2,0.9,0.1,0.05,0.8548420029333319
4,1,1,1,0.6,0.1,0.05,0.8547892369101202
4,1,1,7,0.55,0.1,0.05,0.854750489155189
5,1,1,10,0.95,0.1,0.05,0.854740317165246
5,1,1,9,0.65,0.1,0.15,0.8547221182484986
5,1,1,5,0.5,0.1,0.05,0.8546290267859967
5,1,1,1,0.7,0.1,0.05,0.8546048482409745
5,1,1,9,0.5,0.1,0.1,0.8545986006358982
4,1,1,7,0.5,0.1,0.05,0.8545595329681899
5,1,1,1,0.85,0.1,0.05,0.8545472471747931
5,1,1,1,1.0,0.1,0.05,0.8545421536799479
5,1,1,9,0.55,0.1,0.1,0.8544886498742249
5,1,1,1,0.9,0.1,0.05,0.8544736893284862
4,1,1,4,0.5,0.1,0.1,0.8544635961606412
5,1,1,2,0.95,0.1,0.05,0.8544509471502671
5,1,1,2,1.0,0.1,0.05,0.8544509471502671
5,1,1,1,0.6,0.1,0.05,0.8544226186726785
4,1,1,4,0.5,0.1,0.05,0.8544098277564626
5,1,1,1,0.95,0.1,0.05,0.8543759730351176
5,1,1,6,0.55,0.1,0.05,0.8543448419768224
5,1,1,8,0.65,0.1,0.15,0.8542914837578222
5,1,1,2,0.85,0.1,0.05,0.8542876509197647
5,1,1,7,0.7,0.1,0.05,0.8542747308834947
4,1,1,1,0.55,0.1,0.05,0.8542504621866491
5,1,1,7,0.75,0.1,0.05,0.8542466167315416
5,1,1,7,0.8,0.1,0.05,0.8542412027718548
5,1,1,8,0.7,0.1,0.1,0.8542312026701936
5,1,1,10,0.8,0.1,0.05,0.8541823616602446
4,1,1,6,0.5,0.1,0.1,0.8541488332684007
5,1,1,9,0.65,0.1,0.1,0.8541010277906507
5,1,1,1,0.65,0.1,0.05,0.8539760777315172
5,1,1,2,0.65,0.1,0.05,0.8539686319961829
4,1,1,3,0.5,0.1,0.1,0.8539017136318818
5,1,1,7,0.65,0.1,0.05,0.853883043655611
5,1,1,6,0.5,0.1,0.05,0.8538222752466872
4,1,1,6,0.5,0.1,0.05,0.8538041920817147
5,1,1,10,1.0,0.1,0.05,0.8538007371620934
5,1,1,2,0.6,0.1,0.05,0.8538007360606983
5,1,1,7,0.5,0.1,0.05,0.8537949370615951
4,1,1,3,0.5,0.1,0.05,0.8537744671214705
5,1,1,1,0.5,0.1,0.05,0.853759369236236
5,1,1,8,0.75,0.1,0.05,0.8537538641193047
5,1,1,7,0.6,0.1,0.1,0.8537097108577495
5,1,1,9,0.8,0.1,0.05,0.8537012824899616
5,1,1,9,1.0,0.1,0.05,0.8536981441926791
5,1,1,10,0.75,0.1,0.05,0.8536752872433778
5,1,1,8,0.6,0.1,0.05,0.8536060662509612
4,1,1,1,0.5,0.1,0.05,0.8535534151115538
5,1,1,9,0.6,0.1,0.05,0.8534679709622163
5,1,1,1,0.55,0.1,0.05,0.8533814236645135
5,1,1,7,0.6,0.1,0.05,0.8533689002961756
5,1,1,8,0.65,0.1,0.1,0.8533468200438575
5,1,1,10,0.7,0.1,0.1,0.8533418598517802
5,1,1,10,0.5,0.1,0.1,0.8532718936096829
5,1,1,2,0.8,0.1,0.05,0.8532445517634025
5,1,1,9,0.75,0.1,0.05,0.8532186994640938
5,1,1,8,0.8,0.1,0.05,0.8531924597035553
5,1,1,8,0.5,0.1,0.05,0.8531243465000659
5,1,1,1,0.8,0.1,0.05,0.8530055787119181
5,1,1,1,0.75,0.1,0.05,0.8529859027830522
5,1,1,10,0.5,0.1,0.05,0.8529792519738028
5,1,1,10,0.65,0.1,0.1,0.8529677413399649
5,1,1,7,0.55,0.1,0.05,0.8528992252654305
5,1,1,10,0.55,0.1,0.1,0.8528836211056623
5,1,1,2,0.55,0.1,0.05,0.8528507857692134
5,1,1,2,0.7,0.1,0.05,0.8528475726693184
5,1,1,9,0.5,0.1,0.05,0.8527413283928823
5,1,1,10,0.6,0.1,0.1,0.8527352604293701
5,1,1,10,0.65,0.1,0.05,0.8526377073105688
5,1,1,10,0.7,0.1,0.05,0.8526377073105688
5,1,1,9,0.65,0.1,0.05,0.8525931820780736
5,1,1,2,0.5,0.1,0.05,0.8525890011774296
5,1,1,9,0.7,0.1,0.05,0.852526463269378
5,1,1,8,0.65,0.1,0.05,0.852493315687358
5,1,1,8,0.7,0.1,0.05,0.852493315687358
5,1,1,2,0.75,0.1,0.1,0.852434866434591
5,1,1,10,0.6,0.1,0.05,0.8523565147867798
5,1,1,8,0.55,0.1,0.05,0.8522897418471689
5,1,1,2,0.75,0.1,0.05,0.8522583847513839
5,1,1,9,0.55,0.1,0.05,0.8518833226478915
5,1,1,10,0.55,0.1,0.05,0.8514153846475573
2,1,1,10,0.75,0.1,0.5,0.8461098216063148
2,1,1,10,0.75,0.1,0.45,0.8445817925175619
2,1,1,10,0.75,0.1,0.4,0.8414207091377027
2,1,1,7,0.9,0.1,0.25,0.841282923982325
2,1,1,10,0.75,0.1,0.35,0.8406618953656776
2,1,1,9,0.85,0.1,0.3,0.840475162394696
2,1,1,10,0.75,0.1,0.3,0.8404362803007389
2,1,1,5,0.8,0.1,0.1,0.8404339296571169
2,1,1,7,0.7,0.1,0.1,0.8404221064634756
2,1,1,8,0.75,0.1,0.25,0.840404807606757
2,1,1,8,0.8,0.1,0.25,0.8403603509250513
3,1,1,9,0.9,0.1,0.65,0.8401541871488456
2,1,1,9,0.7,0.1,0.25,0.8400997197816222
2,1,1,9,0.75,0.1,0.3,0.8400969855878028
3,1,1,6,0.95,0.1,0.45,0.8400875997296815
3,1,1,6,1.0,0.1,0.45,0.8400875997296815
2,1,1,7,0.95,0.1,0.25,0.8400487624609649
2,1,1,8,0.85,0.1,0.3,0.8398732584634955
2,1,1,8,0.9,0.1,0.3,0.8398649648267625
2,1,1,8,0.9,0.1,0.25,0.8398356032097389
2,1,1,7,0.85,0.1,0.2,0.8397105178038057
2,1,1,5,0.7,0.1,0.1,0.8396324175929607
2,1,1,5,0.75,0.1,0.1,0.8396324175929607
2,1,1,8,0.85,0.1,0.25,0.8396300724052991
2,1,1,7,0.8,0.1,0.25,0.8396030038279209
2,1,1,9,0.75,0.1,0.25,0.8394845053604376
3,1,1,9,0.9,0.1,0.6,0.8394832381385426
2,1,1,9,0.8,0.1,0.3,0.8394745531471886
2,1,1,10,0.75,0.1,0.25,0.83935283970143
2,1,1,9,0.8,0.1,0.25,0.839350002436461
2,1,1,9,0.85,0.1,0.25,0.8393388849960779
2,1,1,5,0.85,0.1,0.1,0.839279635348903
3,1,1,6,1.0,0.1,0.4,0.8392752189471182
2,1,1,10,0.65,0.1,0.15,0.839255668204741
2,1,1,9,0.65,0.1,0.25,0.8392221157112555
2,1,1,10,0.6,0.1,0.15,0.8392142002387447
2,1,1,8,0.65,0.1,0.1,0.839174851303177
2,1,1,6,0.9,0.1,0.2,0.8391542749998355
2,1,1,6,0.8,0.1,0.15,0.8388280436909566
2,1,1,6,0.85,0.1,0.1,0.8387106139844868
2,1,1,6,0.7,0.1,0.1,0.8386614335537951
2,1,1,6,0.75,0.1,0.1,0.8386614335537951
2,1,1,7,0.9,0.1,0.2,0.8386569413129455
2,1,1,9,0.95,0.1,0.15,0.838630680235214
2,1,1,9,1.0,0.1,0.15,0.838630680235214
2,1,1,6,0.8,0.1,0.1,0.8386074609307975
2,1,1,5,0.65,0.1,0.1,0.8385899484528614
3,1,1,2,1.0,0.1,0.55,0.8385395475055085
3,1,1,2,0.85,0.1,0.55,0.8385286890294589
2,1,1,7,0.65,0.1,0.1,0.8383617367274184
2,1,1,6,0.95,0.1,0.2,0.8383359149577266
2,1,1,7,0.75,0.1,0.1,0.8383202538213398
2,1,1,7,0.8,0.1,0.2,0.8383172597549718
2,1,1,5,0.95,0.1,0.1,0.838273703568745
2,1,1,8,0.95,0.1,0.3,0.8382667510937242
2,1,1,5,0.9,0.1,0.1,0.8381705505150556
3,1,1,2,0.9,0.1,0.55,0.8381437611792146
2,1,1,6,1.0,0.1,0.25,0.8380755969127246
2,1,1,8,0.6,0.1,0.1,0.8380745296179607
3,1,1,2,0.8,0.1,0.5,0.8380617114371977
3,1,1,2,0.8,0.1,0.45,0.8380230139000211
2,1,1,6,1.0,0.1,0.2,0.8380076436273706
2,1,1,8,0.95,0.1,0.25,0.8379643610987708
2,1,1,9,0.6,0.1,0.2,0.8379258614269421
2,1,1,8,0.7,0.1,0.15,0.8378451614700232
3,1,1,2,0.9,0.1,0.5,0.8377103286449009
2,1,1,8,0.95,0.1,0.2,0.8376562957405271
2,1,1,7,1.0,0.1,0.15,0.8375881837691758
3,1,1,2,0.85,0.1,0.5,0.837583007775081
2,1,1,5,0.6,0.1,0.1,0.8375038702798268
2,1,1,8,0.75,0.1,0.2,0.8374796012582154
2,1,1,8,0.8,0.1,0.2,0.8374796012582154
2,1,1,8,0.85,0.1,0.2,0.8374796012582154
2,1,1,10,0.95,0.1,0.2,0.8374229044550227
2,1,1,10,0.85,0.1,0.15,0.8373896304957763
2,1,1,10,0.9,0.1,0.15,0.8373896304957763
2,1,1,10,0.95,0.1,0.15,0.8373896304957763
2,1,1,10,1.0,0.1,0.15,0.8373896304957763
2,1,1,9,0.85,0.1,0.2,0.8373540245535205
2,1,1,9,0.8,0.1,0.2,0.8373125565875242
2,1,1,10,0.55,0.1,0.2,0.8372941139251672
2,1,1,9,0.65,0.1,0.2,0.8372941139251672
2,1,1,9,0.9,0.1,0.15,0.8372905524902422
3,1,1,6,0.9,0.1,0.45,0.8372043125979438
2,1,1,7,0.8,0.1,0.15,0.8371817075286144
2,1,1,7,0.85,0.1,0.15,0.8371817075286144
2,1,1,7,0.9,0.1,0.15,0.8371817075286144
3,1,1,7,1.0,0.1,0.45,0.8371772651616954
3,1,1,6,0.95,0.1,0.4,0.8371175630626676
3,1,1,6,0.9,0.1,0.4,0.8370804792458115
3,1,1,7,0.95,0.1,0.45,0.8370690400534704
2,1,1,8,0.5,0.1,0.1,0.8370140645984495
2,1,1,7,0.55,0.1,0.1,0.8370140645984495
2,1,1,10,0.8,0.1,0.15,0.8370016221633936
2,1,1,7,0.5,0.1,0.1,0.8369725966324532
2,1,1,6,0.55,0.1,0.1,0.8369725966324532
2,1,1,6,0.6,0.1,0.1,0.8369725966324532
2,1,1,10,0.7,0.1,0.15,0.8369662995060275
2,1,1,10,0.75,0.1,0.2,0.8369476259386898
2,1,1,10,0.75,0.1,0.15,0.8368984691097042
2,1,1,8,0.8,0.1,0.15,0.8368828979075541
2,1,1,9,0.5,0.1,0.1,0.8367268574889918
2,1,1,8,0.55,0.1,0.1,0.8367268574889918
2,1,1,9,0.55,0.1,0.1,0.8367268574889918
2,1,1,1,0.8,0.1,0.25,0.8366927272484542
2,1,1,3,0.95,0.1,0.15,0.8366901224413298
2,1,1,3,1.0,0.1,0.15,0.8366901224413298
2,1,1,7,0.95,0.1,0.2,0.836685413437388
2,1,1,9,0.7,0.1,0.2,0.8365696583699737
3,1,1,2,1.0,0.1,0.5,0.8365427710269023
3,1,1,5,1.0,0.1,0.35,0.8365288638351196
2,1,1,5,1.0,0.1,0.15,0.8365076297717567
2,1,1,8,0.9,0.1,0.2,0.8364090405802284
2,1,1,7,0.85,0.1,0.1,0.8363980117260641
2,1,1,9,0.75,0.1,0.2,0.8362740663656459
3,1,1,2,1.0,0.1,0.45,0.8362356075437876
2,1,1,6,0.9,0.1,0.15,0.8362341491946923
2,1,1,6,0.95,0.1,0.15,0.8362341491946923
2,1,1,6,1.0,0.1,0.15,0.8362341491946923
2,1,1,7,0.95,0.1,0.15,0.8361801765716947
2,1,1,8,0.95,0.1,0.15,0.8361300008109156
2,1,1,9,0.65,0.1,0.15,0.8361073214639893
2,1,1,9,0.7,0.1,0.15,0.8361073214639893
2,1,1,8,1.0,0.1,0.15,0.8360886403108193
2,1,1,10,0.5,0.1,0.2,0.8360045409293577
2,1,1,4,0.9,0.1,0.15,0.8359994019578032
2,1,1,6,0.65,0.1,0.1,0.8359726282513534
2,1,1,4,0.8,0.1,0.2,0.8359240817406284
2,1,1,4,1.0,0.1,0.15,0.8358902264809736
2,1,1,8,0.85,0.1,0.15,0.8357373823436802
2,1,1,4,0.8,0.1,0.15,0.8357240697041379
2,1,1,4,0.85,0.1,0.15,0.8357240697041379
3,1,1,6,1.0,0.1,0.35,0.8357160809747783
2,1,1,4,0.8,0.1,0.1,0.83568901928717
2,1,1,8,0.9,0.1,0.15,0.8356695519473568
2,1,1,8,0.75,0.1,0.15,0.8356356427472554
2,1,1,4,0.75,0.1,0.1,0.8356266015732956
2,1,1,3,0.9,0.1,0.15,0.8356040442682952
2,1,1,6,0.95,0.1,0.1,0.8355761340016744
2,1,1,6,1.0,0.1,0.1,0.8355761340016744
3,1,1,2,0.9,0.1,0.45,0.8355755017210049
3,1,1,2,0.9,0.1,0.4,0.8355384963693522
3,1,1,5,0.95,0.1,0.4,0.8355223377679593
3,1,1,5,1.0,0.1,0.3,0.8353628528336016
3,1,1,2,0.8,0.1,0.4,0.8353567344000659
3,1,1,2,0.75,0.1,0.4,0.8352901483491999
3,1,1,3,0.95,0.1,0.35,0.8352829454373071
3,1,1,3,1.0,0.1,0.35,0.8352829454373071
3,1,1,7,1.0,0.1,0.4,0.8351914061060882
3,1,1,2,0.75,0.1,0.35,0.8351713393720666
3,1,1,2,0.8,0.1,0.35,0.8351713393720666
2,1,1,4,0.95,0.1,0.15,0.8350518436238813
2,1,1,10,0.55,0.1,0.15,0.8350170607768993
2,1,1,7,0.8,0.1,0.1,0.8349900045285833
2,1,1,10,0.5,0.1,0.15,0.8349378879922721
3,1,1,2,0.85,0.1,0.45,0.8349227679942854
2,1,1,9,0.6,0.1,0.15,0.834900602540331
3,1,1,3,0.85,0.1,0.45,0.8348727651572676
3,1,1,1,1.0,0.1,0.3,0.8348699223366325
3,1,1,3,0.95,0.1,0.3,0.8348015790324611
3,1,1,2,0.7,0.1,0.3,0.8347505322814432
3,1,1,4,0.8,0.1,0.55,0.8347369378721512
2,1,1,7,0.6,0.1,0.1,0.8347253730910547
2,1,1,5,1.0,0.1,0.1,0.8346426100246079
2,1,1,10,0.6,0.1,0.1,0.8346133894513753
2,1,1,9,0.65,0.1,0.1,0.8346133894513753
2,1,1,8,0.7,0.1,0.1,0.8346133894513753
3,1,1,4,1.0,0.1,0.3,0.8345865806928763
2,1,1,9,0.6,0.1,0.1,0.8345642090206834
2,1,1,6,0.5,0.1,0.1,0.8345594955232709
2,1,1,3,0.85,0.1,0.2,0.834390677870731
2,1,1,6,0.9,0.1,0.1,0.8341681268041935
2,1,1,4,0.7,0.1,0.1,0.8341206467593644
2,1,1,1,0.85,0.1,0.25,0.8340822181979606
3,1,1,3,0.85,0.1,0.4,0.8340740531090873
3,1,1,2,0.85,0.1,0.4,0.8340419980885438
3,1,1,2,0.85,0.1,0.35,0.833945193904591
3,1,1,3,0.8,0.1,0.45,0.8339389726962413
3,1,1,4,0.95,0.1,0.3,0.8339057159209481
3,1,1,9,0.9,0.1,0.55,0.8338998994629174
3,1,1,4,0.85,0.1,0.45,0.8338939125853058
2,1,1,4,0.9,0.1,0.1,0.8338822218100712
3,1,1,6,0.95,0.1,0.35,0.8338596952935386
3,1,1,3,1.0,0.1,0.3,0.833844131855415
2,1,1,4,0.85,0.1,0.1,0.833782600715646
3,1,1,3,0.85,0.1,0.35,0.8337382953308645
3,1,1,2,1.0,0.1,0.4,0.8337364197120468
3,1,1,3,0.8,0.1,0.4,0.8336855542624868
3,1,1,5,0.9,0.1,0.35,0.8336354212813538
3,1,1,5,0.95,0.1,0.35,0.8336354212813538
3,1,1,7,0.95,0.1,0.4,0.8336323979213623
3,1,1,5,0.95,0.1,0.3,0.8335925419717908
3,1,1,1,0.95,0.1,0.3,0.8335622955827113
3,1,1,4,0.85,0.1,0.4,0.8335525737720716
2,1,1,9,0.75,0.1,0.15,0.8335307456558181
2,1,1,9,0.8,0.1,0.15,0.8335307456558181
3,1,1,2,0.8,0.1,0.3,0.8334893708685822
2,1,1,9,0.85,0.1,0.15,0.8334629152594948
3,1,1,2,0.75,0.1,0.3,0.8333223076275151
2,1,1,10,0.55,0.1,0.1,0.8333196899454042
3,1,1,9,0.9,0.1,0.5,0.8332770464690541
3,1,1,3,0.8,0.1,0.35,0.8331710541773398
2,1,1,2,0.9,0.1,0.15,0.833162768913823
2,1,1,10,0.8,0.1,0.1,0.8331622632335477
2,1,1,9,0.85,0.1,0.1,0.8331622632335477
2,1,1,10,0.85,0.1,0.1,0.8331209027334515
3,1,1,4,0.8,0.1,0.5,0.8330690166299154
2,1,1,8,0.95,0.1,0.1,0.8330630999508862
2,1,1,9,0.95,0.1,0.1,0.8330630999508862
2,1,1,7,1.0,0.1,0.1,0.8330630999508862
2,1,1,8,1.0,0.1,0.1,0.8330630999508862
2,1,1,9,1.0,0.1,0.1,0.8330630999508862
3,1,1,4,0.9,0.1,0.3,0.8329672446699767
2,1,1,3,0.65,0.1,0.1,0.832898433350771
2,1,1,8,0.8,0.1,0.1,0.832887691128787
2,1,1,8,0.85,0.1,0.1,0.832887691128787
3,1,1,3,0.75,0.1,0.4,0.8328393802429581
2,1,1,2,0.8,0.1,0.15,0.8327742891183911
2,1,1,2,0.85,0.1,0.15,0.8327742891183911
3,1,1,1,0.9,0.1,0.4,0.8327738765638413
3,1,1,7,1.0,0.1,0.35,0.8327694366044851
3,1,1,9,0.9,0.1,0.45,0.8326460253218536
3,1,1,4,0.8,0.1,0.45,0.8326356614351429
3,1,1,1,0.9,0.1,0.35,0.8325569887421405
2,1,1,1,0.95,0.1,0.15,0.832497212003165
2,1,1,1,0.9,0.1,0.15,0.8324916712098941
3,1,1,2,0.9,0.1,0.35,0.832442436442533
2,1,1,5,0.55,0.1,0.1,0.8323774600498032
3,1,1,3,0.7,0.1,0.45,0.8323693668207972
2,1,1,10,0.5,0.1,0.1,0.8323228310684455
3,1,1,10,0.95,0.1,0.3,0.832315147411815
2,1,1,5,0.5,0.1,0.1,0.832301903888624
3,1,1,9,0.8,0.1,0.5,0.8322912711187268
3,1,1,4,1.0,0.1,0.25,0.8322201216462235
3,1,1,1,0.9,0.1,0.3,0.8321755622934135
3,1,1,2,0.65,0.1,0.35,0.83215164749198
2,1,1,10,1.0,0.1,0.1,0.8321204907610763
2,1,1,1,0.85,0.1,0.2,0.8321182885750161
2,1,1,3,0.85,0.1,0.15,0.83211336008487
3,1,1,4,0.8,0.1,0.4,0.8320944176098695
2,1,1,1,0.75,0.1,0.15,0.8320569561618839
3,1,1,2,0.65,0.1,0.3,0.8320123771193432
2,1,1,9,0.9,0.1,0.1,0.8320118178996041
2,1,1,10,0.9,0.1,0.1,0.8320118178996041
2,1,1,10,0.95,0.1,0.1,0.8320118178996041
2,1,1,3,0.9,0.1,0.1,0.8320071657574929
3,1,1,9,0.9,0.1,0.4,0.8320065883545757
3,1,1,9,0.95,0.1,0.3,0.8319839042997612
3,1,1,8,0.95,0.1,0.35,0.8319818208687979
3,1,1,2,0.9,0.1,0.3,0.8319486004360317
3,1,1,2,0.95,0.1,0.3,0.8319486004360317
3,1,1,8,0.9,0.1,0.35,0.8319251480020227
3,1,1,9,1.0,0.1,0.3,0.831883310861544
2,1,1,3,0.75,0.1,0.1,0.8318695005120178
2,1,1,3,0.8,0.1,0.1,0.8318695005120178
2,1,1,1,0.65,0.1,0.25,0.8318670256405382
2,1,1,10,0.7,0.1,0.1,0.8318364090775049
2,1,1,9,0.75,0.1,0.1,0.8318364090775049
2,1,1,10,0.75,0.1,0.1,0.8318364090775049
2,1,1,9,0.8,0.1,0.1,0.8318364090775049
3,1,1,8,1.0,0.1,0.35,0.8317828285519633
3,1,1,9,0.85,0.1,0.45,0.8317811426335415
2,1,1,3,0.7,0.1,0.1,0.8317798863796547
2,1,1,7,0.9,0.1,0.1,0.8317786062949396
2,1,1,8,0.9,0.1,0.1,0.8317786062949396
2,1,1,7,0.95,0.1,0.1,0.8317786062949396
3,1,1,7,0.8,0.1,0.4,0.8317522931611296
3,1,1,1,0.85,0.1,0.3,0.8317521512079683
3,1,1,7,0.9,0.1,0.35,0.831732030417431
3,1,1,7,0.95,0.1,0.35,0.831732030417431
3,1,1,5,0.85,0.1,0.45,0.8316947028399286
3,1,1,3,0.85,0.1,0.3,0.8316581933276914
3,1,1,3,0.7,0.1,0.4,0.8316479007052016
2,1,1,4,0.95,0.1,0.1,0.8314920006223111
2,1,1,4,1.0,0.1,0.1,0.8314920006223111
2,1,1,8,0.75,0.1,0.1,0.8314796839313061
3,1,1,1,0.8,0.1,0.35,0.8314419024802264
3,1,1,2,0.85,0.1,0.3,0.8314126284714883
2,1,1,10,0.65,0.1,0.1,0.8314070402450261
2,1,1,1,0.8,0.1,0.2,0.8313409422721348
3,1,1,9,0.8,0.1,0.45,0.8313104417565851
3,1,1,8,0.85,0.1,0.4,0.8312593183230396
2,1,1,4,0.65,0.1,0.1,0.8312486369282129
3,1,1,7,1.0,0.1,0.3,0.8312295855424762
3,1,1,2,1.0,0.1,0.35,0.8311593603018048
3,1,1,7,0.9,0.1,0.3,0.8311580378896923
3,1,1,7,0.95,0.1,0.3,0.8311580378896923
2,1,1,4,0.6,0.1,0.1,0.8311490664774439
3,1,1,9,0.9,0.1,0.35,0.8310650184620051
3,1,1,9,0.85,0.1,0.4,0.8310487896261639
3,1,1,7,0.85,0.1,0.35,0.8310357989166428
3,1,1,1,1.0,0.1,0.25,0.8310050890318933
3,1,1,9,0.6,0.1,0.35,0.8310050178230897
3,1,1,6,0.85,0.1,0.4,0.8310014508952949
3,1,1,3,0.75,0.1,0.35,0.8309953791367343
2,1,1,1,1.0,0.1,0.15,0.8309400174100827
2,1,1,1,0.8,0.1,0.15,0.8309292889145573
3,1,1,5,0.85,0.1,0.4,0.8309284151702894
2,1,1,4,0.5,0.1,0.1,0.8309220894596385
2,1,1,3,1.0,0.1,0.1,0.8309070352421767
2,1,1,3,0.85,0.1,0.1,0.8309068440722766
3,1,1,9,0.55,0.1,0.35,0.830901075083203
2,1,1,1,0.65,0.1,0.2,0.8308625593760454
3,1,1,9,0.8,0.1,0.4,0.8308619473342825
3,1,1,5,0.85,0.1,0.35,0.8307949301209234
3,1,1,5,0.9,0.1,0.3,0.8306625772505651
2,1,1,2,0.75,0.1,0.15,0.8306614945055966
3,1,1,10,1.0,0.1,0.3,0.8306444739043352
2,1,1,3,0.95,0.1,0.1,0.8306027868251334
2,1,1,1,0.85,0.1,0.15,0.8305823411763051
3,1,1,8,0.8,0.1,0.4,0.830541371363464
3,1,1,2,1.0,0.1,0.3,0.8304694847036396
2,1,1,9,0.7,0.1,0.1,0.8304594819111042
3,1,1,4,0.85,0.1,0.35,0.8304539375329155
3,1,1,8,0.75,0.1,0.45,0.8303853752137614
2,1,1,6,0.75,0.1,0.05,0.8303792686626393
3,1,1,9,0.6,0.1,0.3,0.8303702576858601
3,1,1,5,0.85,0.1,0.3,0.8303026239314438
3,1,1,7,0.8,0.1,0.35,0.8302575556656016
3,1,1,6,0.85,0.1,0.35,0.8302396612047438
3,1,1,6,0.9,0.1,0.35,0.8302396612047438
3,1,1,9,0.65,0.1,0.3,0.8301906038940865
3,1,1,3,0.75,0.1,0.3,0.8301416307293786
3,1,1,3,0.8,0.1,0.3,0.8301416307293786
3,1,1,9,0.9,0.1,0.3,0.8301246904506272
3,1,1,10,0.85,0.1,0.3,0.8301147087716375
3,1,1,3,0.7,0.1,0.35,0.830078168950328
3,1,1,6,0.8,0.1,0.35,0.8300691306472944
3,1,1,5,1.0,0.1,0.25,0.8299747889566321
3,1,1,8,0.85,0.1,0.35,0.8299428413850187
3,1,1,10,0.9,0.1,0.3,0.8299069548354628
3,1,1,9,0.55,0.1,0.3,0.829859296192371
3,1,1,2,1.0,0.1,0.25,0.8298397747717356
3,1,1,10,0.6,0.1,0.35,0.8297690373660254
3,1,1,7,0.65,0.1,0.3,0.8297410874918522
2,1,1,2,1.0,0.1,0.15,0.8296873750611238
3,1,1,2,0.85,0.1,0.25,0.8296755119771833
3,1,1,10,0.55,0.1,0.35,0.8296733854689029
3,1,1,8,0.9,0.1,0.3,0.8296586912770201
3,1,1,1,0.75,0.1,0.4,0.8296330306232806
3,1,1,1,0.8,0.1,0.3,0.8296189518334854
3,1,1,8,0.6,0.1,0.3,0.8296098848437554
3,1,1,8,0.75,0.1,0.4,0.8295648291661528
2,1,1,4,0.55,0.1,0.1,0.8295538172879015
3,1,1,7,0.75,0.1,0.3,0.8295317494794687
3,1,1,6,0.9,0.1,0.3,0.8295078922699635
3,1,1,9,0.85,0.1,0.35,0.8295006125327894
3,1,1,9,0.75,0.1,0.35,0.8294992356582933
3,1,1,9,0.85,0.1,0.3,0.8294662998245579
3,1,1,10,0.5,0.1,0.3,0.8294629982394994
3,1,1,9,0.5,0.1,0.3,0.8294585548756811
3,1,1,8,0.75,0.1,0.35,0.8294497948718912
3,1,1,8,0.8,0.1,0.35,0.8294497948718912
3,1,1,9,0.8,0.1,0.35,0.8294439396660143
3,1,1,8,1.0,0.1,0.3,0.8294143570895605
3,1,1,3,0.7,0.1,0.3,0.8293816065398555
3,1,1,6,0.95,0.1,0.3,0.8293548801533649
3,1,1,8,0.95,0.1,0.3,0.8293313386390582
3,1,1,7,0.8,0.1,0.3,0.8293205655773244
3,1,1,7,0.7,0.1,0.3,0.8293137122977426
2,1,1,5,0.8,0.1,0.05,0.8293048178612255
2,1,1,5,0.85,0.1,0.05,0.8293048178612255
2,1,1,5,0.9,0.1,0.05,0.8293048178612255
2,1,1,1,1.0,0.1,0.1,0.8292833030754578
3,1,1,1,0.85,0.1,0.25,0.8292636035202812
3,1,1,10,0.6,0.1,0.3,0.8292603571740769
2,1,1,6,0.8,0.1,0.05,0.8292373128024556
2,1,1,6,0.85,0.1,0.05,0.8292373128024556
3,1,1,6,0.75,0.1,0.25,0.8292010544482845
3,1,1,6,1.0,0.1,0.3,0.8291696749463053
2,1,1,7,0.8,0.1,0.05,0.8291601920184744
2,1,1,7,0.85,0.1,0.05,0.8291601920184744
3,1,1,8,0.75,0.1,0.3,0.8291450840366383
3,1,1,8,0.8,0.1,0.3,0.8291450840366383
3,1,1,2,0.95,0.1,0.25,0.8291405948140076
3,1,1,10,0.75,0.1,0.3,0.8291032857533356
3,1,1,10,0.7,0.1,0.3,0.8290626771838037
3,1,1,10,0.8,0.1,0.3,0.8290538060661731
3,1,1,7,0.75,0.1,0.25,0.8290456259755139
3,1,1,1,0.95,0.1,0.25,0.8290166524689042
3,1,1,7,0.85,0.1,0.3,0.8290045689819542
2,1,1,2,0.7,0.1,0.2,0.8290024010182395
2,1,1,1,0.7,0.1,0.1,0.8289494031260163
3,1,1,8,0.55,0.1,0.3,0.8289493651241899
2,1,1,8,0.8,0.1,0.05,0.8289471437627708
2,1,1,7,0.65,0.1,0.05,0.8289315859106088
2,1,1,6,0.7,0.1,0.05,0.8289315859106088
2,1,1,7,0.7,0.1,0.05,0.8289315859106088
2,1,1,7,0.75,0.1,0.05,0.8289315859106088
3,1,1,10,0.55,0.1,0.3,0.8288777828187965
2,1,1,1,0.6,0.1,0.15,0.8288700074040672
3,1,1,6,0.7,0.1,0.25,0.8288695868120585
2,1,1,9,0.6,0.1,0.05,0.8288230235933928
2,1,1,10,0.6,0.1,0.05,0.8288230235933928
2,1,1,9,0.65,0.1,0.05,0.8288230235933928
3,1,1,4,0.95,0.1,0.25,0.8287802193106559
2,1,1,3,0.55,0.1,0.1,0.8287654690224148
2,1,1,8,0.7,0.1,0.05,0.8287597599023792
2,1,1,3,0.6,0.1,0.1,0.8287463977646232
2,1,1,2,0.95,0.1,0.15,0.8287458657856522
3,1,1,9,0.55,0.1,0.25,0.8287273692713636
3,1,1,7,0.6,0.1,0.3,0.8286843422349262
3,1,1,4,0.85,0.1,0.3,0.8286481445017425
2,1,1,8,0.75,0.1,0.05,0.8286414168709237
2,1,1,1,0.75,0.1,0.1,0.8285982238269588
2,1,1,1,0.8,0.1,0.1,0.8285982238269588
3,1,1,8,0.7,0.1,0.25,0.8285490061802775
3,1,1,10,0.7,0.1,0.25,0.828540706430756
3,1,1,9,0.7,0.1,0.25,0.8285253724381532
3,1,1,8,0.65,0.1,0.3,0.8285095966974875
3,1,1,9,0.5,0.1,0.25,0.8285060168790792
3,1,1,4,0.8,0.1,0.35,0.8284266590871558
3,1,1,1,0.75,0.1,0.35,0.8284247479309722
3,1,1,10,0.55,0.1,0.25,0.828367668754303
2,1,1,2,0.5,0.1,0.15,0.8283428580220838
3,1,1,8,0.65,0.1,0.25,0.8283276783361536
3,1,1,10,0.65,0.1,0.3,0.8283086387430088
3,1,1,10,0.65,0.1,0.25,0.8283018686852633
3,1,1,6,0.8,0.1,0.3,0.8282999121789116
3,1,1,7,0.65,0.1,0.25,0.8282892365475486
3,1,1,9,0.75,0.1,0.3,0.8282782659854748
3,1,1,8,0.55,0.1,0.25,0.8282216454979231
2,1,1,7,0.95,0.1,0.05,0.8281231102264829
3,1,1,3,1.0,0.1,0.25,0.8281095247276331
3,1,1,8,0.6,0.1,0.25,0.8281081654086014
2,1,1,6,0.9,0.1,0.05,0.8280676877197181
2,1,1,5,0.95,0.1,0.05,0.8280676877197181
3,1,1,2,0.8,0.1,0.25,0.8280600882549625
3,1,1,10,0.75,0.1,0.25,0.8280480373972672
3,1,1,7,0.55,0.1,0.3,0.8280412539906181
2,1,1,7,0.9,0.1,0.05,0.8280299826259075
2,1,1,6,0.95,0.1,0.05,0.8280102459975547
3,1,1,9,0.75,0.1,0.25,0.8279832237175021
3,1,1,8,0.75,0.1,0.25,0.8279767109967155
2,1,1,1,0.95,0.1,0.1,0.827962338532983
2,1,1,5,0.75,0.1,0.05,0.8279525370615137
3,1,1,1,0.9,0.1,0.25,0.8279451589742824
2,1,1,8,0.9,0.1,0.05,0.8279240560971028
2,1,1,8,0.95,0.1,0.05,0.8279240560971028
3,1,1,7,0.7,0.1,0.25,0.827913047112483
3,1,1,7,0.5,0.1,0.2,0.8278967027385515
3,1,1,1,0.75,0.1,0.3,0.8278887323849731
3,1,1,8,0.95,0.1,0.25,0.8278453475873044
2,1,1,8,0.85,0.1,0.05,0.8278116817700041
3,1,1,6,0.8,0.1,0.25,0.8277626645150677
3,1,1,5,0.95,0.1,0.25,0.8277520442542776
2,1,1,8,0.6,0.1,0.05,0.8277305192946366
2,1,1,8,0.65,0.1,0.05,0.8277305192946366
3,1,1,1,0.75,0.1,0.25,0.8277059177221014
3,1,1,1,0.8,0.1,0.25,0.8276962300525672
3,1,1,8,0.85,0.1,0.3,0.8276886608085263
3,1,1,8,0.5,0.1,0.25,0.8276659226928385
2,1,1,10,0.65,0.1,0.05,0.8276533985106553
2,1,1,9,0.7,0.1,0.05,0.8276533985106553
2,1,1,7,1.0,0.1,0.05,0.8276460932477074
2,1,1,10,0.7,0.1,0.05,0.8276341517841318
2,1,1,3,0.7,0.1,0.05,0.8275969956043085
2,1,1,9,0.75,0.1,0.05,0.8275901348196418
2,1,1,2,0.85,0.1,0.1,0.8275870068982814
2,1,1,2,0.9,0.1,0.1,0.8275711027332253
2,1,1,10,0.75,0.1,0.05,0.8275708880931183
3,1,1,6,0.85,0.1,0.3,0.827549788035963
3,1,1,4,0.9,0.1,0.25,0.8275443652578724
2,1,1,3,0.5,0.1,0.15,0.8275285164260059
2,1,1,1,0.5,0.1,0.15,0.8274662803793128
2,1,1,1,0.55,0.1,0.15,0.8274662803793128
3,1,1,7,0.55,0.1,0.25,0.8274460957515813
3,1,1,7,1.0,0.1,0.25,0.8274432027851428
2,1,1,2,0.8,0.1,0.1,0.8274184829389183
3,1,1,2,0.75,0.1,0.25,0.8273154040752413
3,1,1,7,0.55,0.1,0.2,0.827294433951683
3,1,1,3,0.95,0.1,0.25,0.827280613236178
3,1,1,9,0.6,0.1,0.25,0.8272609105247205
3,1,1,8,1.0,0.1,0.25,0.8272518808266511
3,1,1,9,0.8,0.1,0.3,0.8272441979147807
3,1,1,9,0.65,0.1,0.25,0.8272168205586027
3,1,1,8,0.9,0.1,0.25,0.8271744161388089
3,1,1,10,0.6,0.1,0.25,0.8271741970896019
3,1,1,5,0.8,0.1,0.35,0.8271720001059834
3,1,1,5,0.85,0.1,0.25,0.8271444521258476
2,1,1,4,0.9,0.1,0.05,0.8270778463416267
3,1,1,2,0.9,0.1,0.25,0.8270503125879181
2,1,1,4,0.95,0.1,0.05,0.8270408605441316
3,1,1,5,0.9,0.1,0.25,0.8269993230709606
2,1,1,10,0.8,0.1,0.05,0.8269942848701434
2,1,1,9,0.85,0.1,0.05,0.8269942848701434
3,1,1,7,0.6,0.1,0.25,0.8269891209469419
3,1,1,7,0.8,0.1,0.25,0.8268650637289183
2,1,1,9,0.9,0.1,0.05,0.8268483540214008
2,1,1,4,1.0,0.1,0.05,0.8268439129783794
3,1,1,3,0.7,0.1,0.25,0.8268118880504434
2,1,1,5,1.0,0.1,0.05,0.8268106260695377
2,1,1,4,0.8,0.1,0.05,0.8268105812013301
2,1,1,4,0.85,0.1,0.05,0.8268105812013301
2,1,1,4,0.65,0.1,0.05,0.8268025570335623
2,1,1,4,0.7,0.1,0.05,0.8268025570335623
2,1,1,4,0.75,0.1,0.05,0.8268025570335623
3,1,1,3,0.65,0.1,0.25,0.826781894850697
3,1,1,6,0.95,0.1,0.25,0.8267587403627424
2,1,1,8,1.0,0.1,0.05,0.8267244361690859
2,1,1,2,0.6,0.1,0.2,0.8267075490830873
3,1,1,4,0.8,0.1,0.3,0.8267045446277059
3,1,1,1,0.7,0.1,0.25,0.8266859926285514
3,1,1,7,0.9,0.1,0.25,0.8266744540473214
2,1,1,2,0.7,0.1,0.15,0.8266596450298577
3,1,1,6,1.0,0.1,0.25,0.8266300182950247
2,1,1,2,0.95,0.1,0.1,0.8266276695212521
2,1,1,2,1.0,0.1,0.1,0.8266276695212521
3,1,1,4,0.8,0.1,0.25,0.826611852248744
3,1,1,8,0.55,0.1,0.2,0.8266070496905131
2,1,1,3,0.8,0.1,0.05,0.8265680822691356
2,1,1,3,0.85,0.1,0.05,0.8265680822691356
3,1,1,7,0.95,0.1,0.25,0.8265548057310556
2,1,1,2,0.65,0.1,0.1,0.8265401173960673
2,1,1,5,0.7,0.1,0.05,0.8265292743339033
3,1,1,6,0.85,0.1,0.25,0.8264659638083678
2,1,1,5,0.6,0.1,0.05,0.8264577096802811
2,1,1,6,0.6,0.1,0.05,0.8264577096802811
2,1,1,5,0.65,0.1,0.05,0.8264577096802811
3,1,1,8,0.5,0.1,0.2,0.8264432619990005
2,1,1,2,0.6,0.1,0.15,0.8264386028416061
3,1,1,4,0.75,0.1,0.25,0.8264305972824421
3,1,1,5,0.8,0.1,0.3,0.8264157631456508
3,1,1,7,0.6,0.1,0.2,0.8264123498906506
2,1,1,1,0.65,0.1,0.15,0.8263828313306107
2,1,1,2,0.55,0.1,0.15,0.8263486407498434
3,1,1,5,0.75,0.1,0.25,0.8263250426760824
3,1,1,5,0.7,0.1,0.25,0.8263197144578386
2,1,1,3,0.75,0.1,0.05,0.8262810866452127
3,1,1,8,0.8,0.1,0.25,0.826231093180011
2,1,1,7,0.6,0.1,0.05,0.8262026890903514
2,1,1,6,0.65,0.1,0.05,0.8262026890903514
3,1,1,1,0.8,0.1,0.2,0.8261316576405451
3,1,1,7,0.85,0.1,0.25,0.8260658200801516
3,1,1,9,0.55,0.1,0.2,0.826061242649662
3,1,1,3,0.75,0.1,0.25,0.8260416055353637
3,1,1,8,0.85,0.1,0.25,0.8260384447848383
3,1,1,3,0.6,0.1,0.2,0.8259709156285002
3,1,1,10,0.8,0.1,0.25,0.8259552844230165
3,1,1,10,0.85,0.1,0.25,0.8259552844230165
3,1,1,7,0.65,0.1,0.2,0.8259031980755281
3,1,1,6,0.6,0.1,0.2,0.8258855546087864
3,1,1,4,0.85,0.1,0.25,0.8258483405344305
3,1,1,7,0.7,0.1,0.2,0.8258228897840384
3,1,1,2,0.7,0.1,0.25,0.825813599543683
2,1,1,6,1.0,0.1,0.05,0.8257378583991343
3,1,1,10,0.9,0.1,0.25,0.8257172184529591
2,1,1,2,0.7,0.1,0.1,0.8256864388251598
2,1,1,2,0.75,0.1,0.1,0.8256864388251598
2,1,1,1,0.65,0.1,0.1,0.8256770342385069
3,1,1,6,0.9,0.1,0.25,0.8256742345907366
2,1,1,9,0.95,0.1,0.05,0.8256487340933839
3,1,1,2,0.65,0.1,0.25,0.8255536230142968
3,1,1,6,0.65,0.1,0.2,0.8255298345671838
3,1,1,10,0.5,0.1,0.25,0.8254787726540389
2,1,1,1,0.85,0.1,0.1,0.8254634908003372
2,1,1,1,0.9,0.1,0.1,0.8254634908003372
2,1,1,10,0.9,0.1,0.05,0.8254369268625
2,1,1,10,0.95,0.1,0.05,0.8254369268625
2,1,1,10,0.85,0.1,0.05,0.8254250912937903
3,1,1,9,0.95,0.1,0.25,0.8253701161417102
2,1,1,9,0.8,0.1,0.05,0.8253657245316551
3,1,1,3,0.85,0.1,0.25,0.8252834908372974
3,1,1,5,0.8,0.1,0.25,0.8252587939930754
3,1,1,3,0.8,0.1,0.25,0.8252227491493178
3,1,1,5,0.65,0.1,0.25,0.8252205421017428
3,1,1,1,0.75,0.1,0.2,0.825207242976976
3,1,1,6,0.55,0.1,0.2,0.8251523542198483
3,1,1,3,0.75,0.1,0.2,0.824924655322727
3,1,1,9,0.8,0.1,0.25,0.8248776346996406
3,1,1,6,0.5,0.1,0.2,0.8248640289608133
3,1,1,8,0.6,0.1,0.2,0.8248554732753552
3,1,1,9,0.7,0.1,0.2,0.824848985327691
3,1,1,9,0.9,0.1,0.25,0.8246674227090753
3,1,1,3,0.65,0.1,0.2,0.824637251851642
3,1,1,9,0.85,0.1,0.25,0.8246204500738674
3,1,1,3,0.7,0.1,0.2,0.8245948937978987
2,1,1,3,0.9,0.1,0.05,0.8245876409675222
2,1,1,9,1.0,0.1,0.05,0.8245504089726848
3,1,1,1,0.85,0.1,0.2,0.8245297546936536
3,1,1,1,0.9,0.1,0.2,0.8245297546936536
3,1,1,9,0.75,0.1,0.2,0.8245020301378123
3,1,1,5,0.55,0.1,0.2,0.8244989450428131
3,1,1,8,0.7,0.1,0.2,0.8244962796060877
3,1,1,8,0.65,0.1,0.2,0.8244621015882239
3,1,1,9,0.5,0.1,0.2,0.8244425275326336
3,1,1,10,0.65,0.1,0.2,0.824433331989962
3,1,1,7,0.75,0.1,0.2,0.8243952393174145
3,1,1,4,0.7,0.1,0.2,0.8243940825616523
3,1,1,5,0.9,0.1,0.2,0.8243341899924908
2,1,1,10,0.55,0.1,0.05,0.8243334778169603
3,1,1,8,0.75,0.1,0.2,0.8243309970348685
3,1,1,5,0.85,0.1,0.2,0.8242964376426355
3,1,1,7,0.8,0.1,0.2,0.8242943621244321
3,1,1,9,0.8,0.1,0.2,0.8242620342506921
3,1,1,5,0.8,0.1,0.2,0.8242507521277398
3,1,1,4,0.65,0.1,0.25,0.8242339779343258
3,1,1,10,0.7,0.1,0.2,0.8241926735461786
3,1,1,10,0.75,0.1,0.2,0.8241792686191224
3,1,1,2,0.7,0.1,0.2,0.8241414316881149
2,1,1,2,0.6,0.1,0.1,0.8241074829719697
3,1,1,4,0.85,0.1,0.2,0.8240916959241826
3,1,1,5,0.75,0.1,0.2,0.8240796449297725
3,1,1,9,0.6,0.1,0.2,0.8240724653887863
3,1,1,4,0.65,0.1,0.2,0.8240454440432828
3,1,1,5,0.5,0.1,0.2,0.8240361899727853
3,1,1,8,0.8,0.1,0.2,0.8239714505179554
3,1,1,6,0.5,0.1,0.15,0.8239518307240199
2,1,1,3,0.65,0.1,0.05,0.823935818689079
3,1,1,9,0.65,0.1,0.2,0.8238112520516611
3,1,1,7,0.85,0.1,0.2,0.8237579473728787
3,1,1,1,0.7,0.1,0.2,0.8237143816677099
3,1,1,4,0.75,0.1,0.2,0.823685374317952
3,1,1,4,0.8,0.1,0.2,0.823685374317952
2,1,1,1,0.6,0.1,0.1,0.8236467770084746
3,1,1,4,0.9,0.1,0.2,0.8236405283238202
3,1,1,1,0.95,0.1,0.2,0.8236210282514362
3,1,1,6,0.85,0.1,0.2,0.823616333983677
3,1,1,6,0.7,0.1,0.2,0.8235865418892129
3,1,1,10,0.95,0.1,0.25,0.8235522524369268
3,1,1,2,0.95,0.1,0.2,0.8235383815683532
2,1,1,2,0.5,0.1,0.1,0.8234175057224896
2,1,1,3,0.5,0.1,0.1,0.8233843398717245
3,1,1,6,0.8,0.1,0.2,0.8233815095617495
3,1,1,5,0.6,0.1,0.25,0.8233649524830241
3,1,1,2,0.65,0.1,0.2,0.8233175294982094
3,1,1,6,0.75,0.1,0.2,0.8232642954116223
2,1,1,9,0.55,0.1,0.05,0.8232409735182041
2,1,1,3,0.5,0.1,0.05,0.8232135312089769
3,1,1,7,0.5,0.1,0.15,0.8231960752036465
3,1,1,4,1.0,0.1,0.2,0.8231914496513741
3,1,1,3,0.55,0.1,0.2,0.8231910016228622
3,1,1,3,0.95,0.1,0.2,0.8231456156691603
2,1,1,10,1.0,0.1,0.05,0.8231271462450743
3,1,1,9,1.0,0.1,0.25,0.8230714008352094
2,1,1,4,0.55,0.1,0.05,0.8229932131754412
3,1,1,10,1.0,0.1,0.25,0.8229717200719986
3,1,1,5,0.6,0.1,0.2,0.8229342139072693
3,1,1,2,0.9,0.1,0.2,0.8228496561790763
3,1,1,6,1.0,0.1,0.2,0.8228456772758536
3,1,1,6,0.55,0.1,0.15,0.822794933091853
3,1,1,3,0.8,0.1,0.2,0.8227926518427151
3,1,1,5,0.65,0.1,0.2,0.8227777094876741
3,1,1,8,0.85,0.1,0.2,0.8226543773472237
3,1,1,6,0.95,0.1,0.2,0.8226510918250278
3,1,1,3,0.85,0.1,0.2,0.8226002085702558
3,1,1,2,0.6,0.1,0.2,0.8225861929931118
3,1,1,5,0.7,0.1,0.2,0.822585266215215
3,1,1,5,1.0,0.1,0.2,0.82250868189233
3,1,1,2,0.55,0.1,0.2,0.8225048937494552
3,1,1,10,0.55,0.1,0.2,0.8225021962973487
3,1,1,4,0.5,0.1,0.25,0.8223024293906179
3,1,1,4,0.95,0.1,0.2,0.8222816178241366
2,1,1,3,0.6,0.1,0.05,0.8221764545881624
3,1,1,2,1.0,0.1,0.2,0.8220786162515201
2,1,1,3,0.55,0.1,0.05,0.8220383454596981
3,1,1,7,0.65,0.1,0.15,0.8220203922693969
3,1,1,4,0.6,0.1,0.25,0.8219879697226753
2,1,1,5,0.55,0.1,0.05,0.8219754933653308
3,1,1,4,0.55,0.1,0.2,0.8219602831628552
3,1,1,7,0.9,0.1,0.2,0.8219480245911104
2,1,1,4,0.6,0.1,0.05,0.8219477930279392
3,1,1,4,0.5,0.1,0.2,0.82188034535486
3,1,1,5,0.6,0.1,0.15,0.8218185597280995
3,1,1,6,0.9,0.1,0.2,0.8217356390276074
3,1,1,5,0.5,0.1,0.15,0.8217351083885182
2,1,1,6,0.55,0.1,0.05,0.8217060987283472
3,1,1,4,0.6,0.1,0.2,0.8217060182059605
2,1,1,6,0.5,0.1,0.05,0.8216923293518285
2,1,1,1,0.55,0.1,0.1,0.8216780491290124
3,1,1,3,0.9,0.1,0.15,0.8216604707932756
3,1,1,4,0.75,0.1,0.15,0.8216429743799295
2,1,1,5,0.5,0.1,0.05,0.8216279162177919
3,1,1,2,0.75,0.1,0.2,0.8215920245734905
3,1,1,2,0.8,0.1,0.2,0.8215920245734905
2,1,1,7,0.55,0.1,0.05,0.8215461234337859
3,1,1,4,0.6,0.1,0.15,0.8215175081864896
2,1,1,9,0.5,0.1,0.05,0.8214907150629488
3,1,1,4,0.7,0.1,0.15,0.8214744616745917
3,1,1,3,1.0,0.1,0.2,0.8214721612676106
3,1,1,7,1.0,0.1,0.2,0.8214321336942225
3,1,1,1,0.7,0.1,0.15,0.8214093458002967
3,1,1,3,0.5,0.1,0.15,0.8212379172805997
3,1,1,2,0.5,0.1,0.2,0.8212029325346606
3,1,1,10,0.5,0.1,0.2,0.8212023748411743
3,1,1,2,0.85,0.1,0.2,0.821174194011878
3,1,1,1,1.0,0.1,0.2,0.8210716211368116
3,1,1,7,0.55,0.1,0.15,0.8210513632427235
2,1,1,1,0.5,0.1,0.1,0.8210007274065177
3,1,1,10,0.6,0.1,0.2,0.8209716974915622
2,1,1,2,0.55,0.1,0.1,0.8209651415790705
3,1,1,7,0.6,0.1,0.15,0.8208209149811007
3,1,1,3,1.0,0.1,0.15,0.8208189734723391
2,1,1,8,0.5,0.1,0.05,0.8206866464247634
2,1,1,8,0.55,0.1,0.05,0.8206824114448102
2,1,1,4,0.5,0.1,0.05,0.8205847054450617
2,1,1,7,0.5,0.1,0.05,0.8205745666527061
2,1,1,10,0.5,0.1,0.05,0.8205431567290269
3,1,1,8,0.95,0.1,0.2,0.8205094640479087
3,1,1,1,0.6,0.1,0.15,0.8205018829434296
3,1,1,3,0.95,0.1,0.15,0.8204887964221487
2,1,1,2,0.7,0.1,0.05,0.8204413077536682
3,1,1,1,0.5,0.1,0.15,0.8204107007650236
3,1,1,4,0.85,0.1,0.15,0.8203941771416873
3,1,1,4,0.9,0.1,0.15,0.8203941771416873
3,1,1,4,0.55,0.1,0.15,0.8203689852596798
3,1,1,4,0.8,0.1,0.15,0.820313576854493
3,1,1,4,0.5,0.1,0.15,0.8202986981036062
2,1,1,2,0.75,0.1,0.05,0.8202501821567661
3,1,1,3,0.85,0.1,0.15,0.820237320770453
3,1,1,5,0.95,0.1,0.2,0.8202360690411543
3,1,1,3,0.75,0.1,0.15,0.8202068530077091
3,1,1,1,0.65,0.1,0.15,0.8201996683809418
3,1,1,6,0.6,0.1,0.15,0.8201390487684656
3,1,1,3,0.8,0.1,0.15,0.8200423646024819
3,1,1,5,0.55,0.1,0.15,0.820034279456224
3,1,1,9,0.95,0.1,0.2,0.8199432637907162
3,1,1,7,0.7,0.1,0.15,0.8197839256296329
3,1,1,7,0.95,0.1,0.2,0.819776949176539
3,1,1,3,0.7,0.1,0.15,0.819682739394648
3,1,1,4,0.65,0.1,0.15,0.8196405254292762
3,1,1,1,0.55,0.1,0.15,0.8194974434317759
3,1,1,8,0.9,0.1,0.2,0.8194971144959691
2,1,1,3,0.95,0.1,0.05,0.8194301940976482
3,1,1,8,0.7,0.1,0.15,0.8194278340729626
3,1,1,5,0.65,0.1,0.15,0.81937442229728
3,1,1,8,0.6,0.1,0.15,0.8192040414709665
3,1,1,9,0.9,0.1,0.2,0.819169413432214
2,1,1,2,0.8,0.1,0.05,0.8191256804358314
2,1,1,1,0.7,0.1,0.05,0.8190737690091242
2,1,1,1,0.6,0.1,0.05,0.8190311962078338
3,1,1,8,1.0,0.1,0.2,0.8190236133528784
2,1,1,2,0.85,0.1,0.05,0.8190207728051712
3,1,1,9,0.55,0.1,0.15,0.8189997717879722
2,1,1,1,0.65,0.1,0.05,0.8189884072542167
3,1,1,5,0.85,0.1,0.15,0.8188362957729988
3,1,1,8,0.65,0.1,0.15,0.8188228739211079
3,1,1,3,0.55,0.1,0.15,0.8186093822355449
3,1,1,5,0.8,0.1,0.15,0.8186089407763276
3,1,1,6,0.65,0.1,0.15,0.8185992528063074
3,1,1,6,0.7,0.1,0.15,0.818498375613325
2,1,1,3,1.0,0.1,0.05,0.8184201291027611
3,1,1,3,0.6,0.1,0.15,0.8184198020434987
3,1,1,3,0.65,0.1,0.15,0.8184198020434987
3,1,1,6,0.75,0.1,0.15,0.8183788249835321
3,1,1,9,0.85,0.1,0.2,0.8183682557395568
3,1,1,4,0.95,0.1,0.15,0.8182277799878439
3,1,1,9,1.0,0.1,0.2,0.8182136108050755
2,1,1,2,0.65,0.1,0.05,0.8181553095001778
3,1,1,8,0.5,0.1,0.15,0.8181388096335509
3,1,1,8,0.55,0.1,0.15,0.818052973241449
2,1,1,1,0.75,0.1,0.05,0.8179492672881895
2,1,1,1,0.8,0.1,0.05,0.8179492672881895
3,1,1,9,0.5,0.1,0.15,0.8179313122993845
3,1,1,1,0.75,0.1,0.15,0.8179081474218904
2,1,1,1,0.85,0.1,0.05,0.8178616981532111
3,1,1,9,0.6,0.1,0.15,0.8174942156286693
3,1,1,4,1.0,0.1,0.15,0.8170792570610341
3,1,1,2,0.85,0.1,0.15,0.8170790587578816
3,1,1,5,0.75,0.1,0.15,0.8170411856173023
3,1,1,6,0.8,0.1,0.15,0.8169883150002384
2,1,1,2,0.9,0.1,0.05,0.8169801400097644
3,1,1,2,0.9,0.1,0.15,0.8169172948862568
3,1,1,7,0.75,0.1,0.15,0.8168960981721372
3,1,1,5,0.7,0.1,0.15,0.8168630340621501
3,1,1,10,0.85,0.1,0.2,0.8168463225797116
3,1,1,10,1.0,0.1,0.2,0.8168013868634398
3,1,1,1,0.95,0.1,0.15,0.8167052469149574
3,1,1,1,1.0,0.1,0.15,0.8167052469149574
3,1,1,1,0.9,0.1,0.15,0.8167051087288436
3,1,1,1,0.85,0.1,0.15,0.8166590773729614
3,1,1,2,0.55,0.1,0.15,0.8166330770781007
3,1,1,10,0.95,0.1,0.2,0.8165450653303017
3,1,1,1,0.8,0.1,0.15,0.8162835558795216
3,1,1,2,0.7,0.1,0.15,0.8161630489834186
3,1,1,2,0.5,0.1,0.15,0.8160597174236252
3,1,1,10,0.9,0.1,0.2,0.8159914592525584
3,1,1,2,0.65,0.1,0.15,0.815848301410296
3,1,1,2,0.6,0.1,0.15,0.8158302276364372
3,1,1,2,0.95,0.1,0.15,0.8155104453110094
3,1,1,5,0.5,0.1,0.1,0.8154132838625487
3,1,1,6,0.85,0.1,0.15,0.81536124100724
3,1,1,5,0.9,0.1,0.15,0.8151927773510153
3,1,1,8,0.75,0.1,0.15,0.8149358342678351
3,1,1,5,0.55,0.1,0.1,0.8148874004438622
3,1,1,10,0.8,0.1,0.2,0.8147488809005515
3,1,1,9,0.65,0.1,0.15,0.8147424686556076
3,1,1,5,0.95,0.1,0.15,0.8146281314656646
4,1,1,1,0.65,0.1,0.0,0.814537891621319
4,1,1,2,0.65,0.1,0.0,0.814537891621319
4,1,1,3,0.65,0.1,0.0,0.814537891621319
4,1,1,4,0.65,0.1,0.0,0.814537891621319
4,1,1,5,0.65,0.1,0.0,0.814537891621319
4,1,1,6,0.65,0.1,0.0,0.814537891621319
4,1,1,7,0.65,0.1,0.0,0.814537891621319
4,1,1,8,0.65,0.1,0.0,0.814537891621319
4,1,1,9,0.65,0.1,0.0,0.814537891621319
4,1,1,10,0.65,0.1,0.0,0.814537891621319
4,1,1,1,0.75,0.1,0.0,0.8145328679546113
4,1,1,2,0.75,0.1,0.0,0.8145328679546113
4,1,1,3,0.75,0.1,0.0,0.8145328679546113
4,1,1,4,0.75,0.1,0.0,0.8145328679546113
4,1,1,5,0.75,0.1,0.0,0.8145328679546113
4,1,1,6,0.75,0.1,0.0,0.8145328679546113
4,1,1,7,0.75,0.1,0.0,0.8145328679546113
4,1,1,8,0.75,0.1,0.0,0.8145328679546113
4,1,1,9,0.75,0.1,0.0,0.8145328679546113
4,1,1,10,0.75,0.1,0.0,0.8145328679546113
4,1,1,1,0.8,0.1,0.0,0.8145328679546113
4,1,1,2,0.8,0.1,0.0,0.8145328679546113
4,1,1,3,0.8,0.1,0.0,0.8145328679546113
4,1,1,4,0.8,0.1,0.0,0.8145328679546113
4,1,1,5,0.8,0.1,0.0,0.8145328679546113
4,1,1,6,0.8,0.1,0.0,0.8145328679546113
4,1,1,7,0.8,0.1,0.0,0.8145328679546113
4,1,1,8,0.8,0.1,0.0,0.8145328679546113
4,1,1,9,0.8,0.1,0.0,0.8145328679546113
4,1,1,10,0.8,0.1,0.0,0.8145328679546113
3,1,1,2,0.75,0.1,0.15,0.8145231685821028
4,1,1,1,0.85,0.1,0.0,0.8144998183880932
4,1,1,2,0.85,0.1,0.0,0.8144998183880932
4,1,1,3,0.85,0.1,0.0,0.8144998183880932
4,1,1,4,0.85,0.1,0.0,0.8144998183880932
4,1,1,5,0.85,0.1,0.0,0.8144998183880932
4,1,1,6,0.85,0.1,0.0,0.8144998183880932
4,1,1,7,0.85,0.1,0.0,0.8144998183880932
4,1,1,8,0.85,0.1,0.0,0.8144998183880932
4,1,1,9,0.85,0.1,0.0,0.8144998183880932
4,1,1,10,0.85,0.1,0.0,0.8144998183880932
4,1,1,1,0.9,0.1,0.0,0.8144787022493298
4,1,1,2,0.9,0.1,0.0,0.8144787022493298
4,1,1,3,0.9,0.1,0.0,0.8144787022493298
4,1,1,4,0.9,0.1,0.0,0.8144787022493298
4,1,1,5,0.9,0.1,0.0,0.8144787022493298
4,1,1,6,0.9,0.1,0.0,0.8144787022493298
4,1,1,7,0.9,0.1,0.0,0.8144787022493298
4,1,1,8,0.9,0.1,0.0,0.8144787022493298
4,1,1,9,0.9,0.1,0.0,0.8144787022493298
4,1,1,10,0.9,0.1,0.0,0.8144787022493298
4,1,1,1,0.95,0.1,0.0,0.8144787022493298
4,1,1,2,0.95,0.1,0.0,0.8144787022493298
4,1,1,3,0.95,0.1,0.0,0.8144787022493298
4,1,1,4,0.95,0.1,0.0,0.8144787022493298
4,1,1,5,0.95,0.1,0.0,0.8144787022493298
4,1,1,6,0.95,0.1,0.0,0.8144787022493298
4,1,1,7,0.95,0.1,0.0,0.8144787022493298
4,1,1,8,0.95,0.1,0.0,0.8144787022493298
4,1,1,9,0.95,0.1,0.0,0.8144787022493298
4,1,1,10,0.95,0.1,0.0,0.8144787022493298
4,1,1,1,0.7,0.1,0.0,0.8144385339153132
4,1,1,2,0.7,0.1,0.0,0.8144385339153132
4,1,1,3,0.7,0.1,0.0,0.8144385339153132
4,1,1,4,0.7,0.1,0.0,0.8144385339153132
4,1,1,5,0.7,0.1,0.0,0.8144385339153132
4,1,1,6,0.7,0.1,0.0,0.8144385339153132
4,1,1,7,0.7,0.1,0.0,0.8144385339153132
4,1,1,8,0.7,0.1,0.0,0.8144385339153132
4,1,1,9,0.7,0.1,0.0,0.8144385339153132
4,1,1,10,0.7,0.1,0.0,0.8144385339153132
2,1,1,1,0.5,0.1,0.05,0.814284676512511
3,1,1,7,0.9,0.1,0.15,0.8140850765768322
3,1,1,2,0.8,0.1,0.15,0.814060771897683
3,1,1,2,1.0,0.1,0.15,0.8139357887104013
2,1,1,1,0.9,0.1,0.05,0.8139288750239594
2,1,1,2,0.95,0.1,0.05,0.8138340586261047
3,1,1,7,0.8,0.1,0.15,0.8137854312274466
3,1,1,3,0.5,0.1,0.1,0.8135994598484259
3,1,1,5,1.0,0.1,0.15,0.8135369464335338
4,1,1,1,1.0,0.1,0.0,0.8135092801573747
4,1,1,2,1.0,0.1,0.0,0.8135092801573747
4,1,1,3,1.0,0.1,0.0,0.8135092801573747
4,1,1,4,1.0,0.1,0.0,0.8135092801573747
4,1,1,5,1.0,0.1,0.0,0.8135092801573747
4,1,1,6,1.0,0.1,0.0,0.8135092801573747
4,1,1,7,1.0,0.1,0.0,0.8135092801573747
4,1,1,8,1.0,0.1,0.0,0.8135092801573747
4,1,1,9,1.0,0.1,0.0,0.8135092801573747
4,1,1,10,1.0,0.1,0.0,0.8135092801573747
3,1,1,4,0.6,0.1,0.1,0.8134122262137321
3,1,1,8,0.8,0.1,0.15,0.8132372322869759
3,1,1,8,0.9,0.1,0.15,0.8132070651363135
3,1,1,7,0.85,0.1,0.15,0.8132000624174761
3,1,1,4,0.55,0.1,0.1,0.8131597168364658
3,1,1,3,0.7,0.1,0.1,0.812913462319283
3,1,1,8,0.85,0.1,0.15,0.8127860877735003
2,1,1,2,1.0,0.1,0.05,0.8126318737446184
3,1,1,6,0.95,0.1,0.15,0.8124482600379157
4,1,1,1,0.55,0.1,0.0,0.8121862432696705
4,1,1,2,0.55,0.1,0.0,0.8121862432696705
4,1,1,3,0.55,0.1,0.0,0.8121862432696705
4,1,1,4,0.55,0.1,0.0,0.8121862432696705
4,1,1,5,0.55,0.1,0.0,0.8121862432696705
4,1,1,6,0.55,0.1,0.0,0.8121862432696705
4,1,1,7,0.55,0.1,0.0,0.8121862432696705
4,1,1,8,0.55,0.1,0.0,0.8121862432696705
4,1,1,9,0.55,0.1,0.0,0.8121862432696705
4,1,1,10,0.55,0.1,0.0,0.8121862432696705
4,1,1,1,0.6,0.1,0.0,0.8121862432696705
4,1,1,2,0.6,0.1,0.0,0.8121862432696705
4,1,1,3,0.6,0.1,0.0,0.8121862432696705
4,1,1,4,0.6,0.1,0.0,0.8121862432696705
4,1,1,5,0.6,0.1,0.0,0.8121862432696705
4,1,1,6,0.6,0.1,0.0,0.8121862432696705
4,1,1,7,0.6,0.1,0.0,0.8121862432696705
4,1,1,8,0.6,0.1,0.0,0.8121862432696705
4,1,1,9,0.6,0.1,0.0,0.8121862432696705
4,1,1,10,0.6,0.1,0.0,0.8121862432696705
2,1,1,2,0.6,0.1,0.05,0.8120541221884641
3,1,1,3,1.0,0.1,0.1,0.8119264561739559
2,1,1,1,1.0,0.1,0.05,0.8119195314323577
3,1,1,10,0.5,0.1,0.15,0.8119045021925486
3,1,1,3,0.95,0.1,0.1,0.8119025283612622
2,1,1,2,0.55,0.1,0.05,0.8118323598142992
2,1,1,1,0.95,0.1,0.05,0.8118147803303014
3,1,1,3,0.85,0.1,0.1,0.8118081259129736
3,1,1,3,0.9,0.1,0.1,0.8118081259129736
3,1,1,7,0.5,0.1,0.1,0.8116294013335145
3,1,1,3,0.65,0.1,0.1,0.8115604436589959
3,1,1,6,0.9,0.1,0.15,0.811493651231751
4,1,1,1,0.5,0.1,0.0,0.811457636592688
4,1,1,2,0.5,0.1,0.0,0.811457636592688
4,1,1,3,0.5,0.1,0.0,0.811457636592688
4,1,1,4,0.5,0.1,0.0,0.811457636592688
4,1,1,5,0.5,0.1,0.0,0.811457636592688
4,1,1,6,0.5,0.1,0.0,0.811457636592688
4,1,1,7,0.5,0.1,0.0,0.811457636592688
4,1,1,8,0.5,0.1,0.0,0.811457636592688
4,1,1,9,0.5,0.1,0.0,0.811457636592688
4,1,1,10,0.5,0.1,0.0,0.811457636592688
3,1,1,10,0.55,0.1,0.15,0.8114546329432474
3,1,1,5,0.6,0.1,0.1,0.8114400710598306
2,1,1,2,0.5,0.1,0.05,0.8114178118295577
3,1,1,3,0.75,0.1,0.1,0.8112778591752455
3,1,1,4,0.5,0.1,0.1,0.8111608759874557
3,1,1,1,0.65,0.1,0.1,0.811142396765953
3,1,1,3,0.55,0.1,0.1,0.8110326774608018
3,1,1,7,1.0,0.1,0.15,0.8107329027003551
3,1,1,1,0.7,0.1,0.1,0.8106289713306505
3,1,1,6,1.0,0.1,0.15,0.8105514773717155
3,1,1,1,0.6,0.1,0.1,0.8105468441261737
2,1,1,1,0.55,0.1,0.05,0.810466174708962
3,1,1,3,0.6,0.1,0.1,0.8103914515897896
3,1,1,8,1.0,0.1,0.15,0.8103012636226505
3,1,1,1,0.85,0.1,0.1,0.8101914418518938
3,1,1,1,0.8,0.1,0.1,0.8100987151060233
3,1,1,6,0.5,0.1,0.1,0.810060230302423
3,1,1,4,0.65,0.1,0.1,0.8100042595852958
3,1,1,3,0.8,0.1,0.1,0.8099540386390913
3,1,1,9,0.7,0.1,0.15,0.8097935219318504
3,1,1,9,0.75,0.1,0.15,0.8097801170047942
3,1,1,9,0.9,0.1,0.15,0.8096272356155836
3,1,1,1,0.9,0.1,0.1,0.8096143213143443
3,1,1,1,0.5,0.1,0.1,0.8095137178680509
3,1,1,2,0.65,0.1,0.1,0.8094954739994793
3,1,1,1,0.75,0.1,0.1,0.8094622511695504
3,1,1,10,0.65,0.1,0.15,0.80898195753367
3,1,1,8,0.95,0.1,0.15,0.8089577676885298
3,1,1,7,0.95,0.1,0.15,0.8089053671804273
3,1,1,1,0.95,0.1,0.1,0.8088995397077652
3,1,1,10,0.95,0.1,0.15,0.8083924269700044
3,1,1,9,0.85,0.1,0.15,0.8083525894617655
3,1,1,10,0.6,0.1,0.15,0.8082250437755244
3,1,1,1,1.0,0.1,0.1,0.8081968447670688
3,1,1,10,0.9,0.1,0.15,0.8080895790337447
3,1,1,9,1.0,0.1,0.15,0.8080530961994372
3,1,1,1,0.55,0.1,0.1,0.8080425722606426
3,1,1,9,0.95,0.1,0.15,0.8078442884411491
3,1,1,2,0.5,0.1,0.1,0.8076863929185912
3,1,1,2,0.6,0.1,0.1,0.8076811585132107
3,1,1,2,1.0,0.1,0.1,0.8072531368429012
3,1,1,8,0.5,0.1,0.1,0.8071477011457704
3,1,1,2,0.7,0.1,0.1,0.8071070157151119
3,1,1,9,0.8,0.1,0.15,0.8070757458825855
3,1,1,2,0.85,0.1,0.1,0.8069776704279048
3,1,1,2,0.8,0.1,0.1,0.8068352738466309
3,1,1,10,0.7,0.1,0.15,0.8068204442432556
3,1,1,10,0.75,0.1,0.15,0.8068070393161992
3,1,1,2,0.75,0.1,0.1,0.8067331207640112
3,1,1,4,0.75,0.1,0.1,0.8067233765297565
3,1,1,4,0.7,0.1,0.1,0.806677925183604
3,1,1,5,0.65,0.1,0.1,0.8066482935233914
3,1,1,2,0.55,0.1,0.1,0.8062088255691375
5,1,1,1,1.0,0.1,0.0,0.8060565966782095
5,1,1,2,1.0,0.1,0.0,0.8060565966782095
5,1,1,3,1.0,0.1,0.0,0.8060565966782095
5,1,1,4,1.0,0.1,0.0,0.8060565966782095
5,1,1,5,1.0,0.1,0.0,0.8060565966782095
5,1,1,6,1.0,0.1,0.0,0.8060565966782095
5,1,1,7,1.0,0.1,0.0,0.8060565966782095
5,1,1,8,1.0,0.1,0.0,0.8060565966782095
5,1,1,9,1.0,0.1,0.0,0.8060565966782095
5,1,1,10,1.0,0.1,0.0,0.8060565966782095
3,1,1,10,0.85,0.1,0.15,0.8060238664342023
3,1,1,7,0.55,0.1,0.1,0.8056243454859215
3,1,1,10,1.0,0.1,0.15,0.8055531330905827
3,1,1,2,0.95,0.1,0.1,0.8055462304512556
3,1,1,2,0.9,0.1,0.1,0.8055091156053172
3,1,1,6,0.55,0.1,0.1,0.8054115359357198
3,1,1,5,0.75,0.1,0.1,0.8050482188291577
3,1,1,5,0.85,0.1,0.1,0.8048481246565207
3,1,1,10,0.8,0.1,0.15,0.8045596422246133
3,1,1,4,0.85,0.1,0.1,0.8045176469032624
3,1,1,9,0.5,0.1,0.1,0.8045017952699531
3,1,1,5,0.7,0.1,0.1,0.8045017551065838
3,1,1,8,0.55,0.1,0.1,0.8039401318231529
3,1,1,4,0.95,0.1,0.1,0.803889285990401
3,1,1,4,0.9,0.1,0.1,0.8037395044116526
3,1,1,5,0.8,0.1,0.1,0.8030987260448262
3,1,1,4,0.8,0.1,0.1,0.8030537084353134
5,1,1,1,0.7,0.1,0.0,0.8028312004188288
5,1,1,2,0.7,0.1,0.0,0.8028312004188288
5,1,1,3,0.7,0.1,0.0,0.8028312004188288
5,1,1,4,0.7,0.1,0.0,0.8028312004188288
5,1,1,5,0.7,0.1,0.0,0.8028312004188288
5,1,1,6,0.7,0.1,0.0,0.8028312004188288
5,1,1,7,0.7,0.1,0.0,0.8028312004188288
5,1,1,8,0.7,0.1,0.0,0.8028312004188288
5,1,1,9,0.7,0.1,0.0,0.8028312004188288
5,1,1,10,0.7,0.1,0.0,0.8028312004188288
3,1,1,10,0.5,0.1,0.1,0.8028095950483412
5,1,1,1,0.5,0.1,0.0,0.8025935236662507
5,1,1,2,0.5,0.1,0.0,0.8025935236662507
5,1,1,3,0.5,0.1,0.0,0.8025935236662507
5,1,1,4,0.5,0.1,0.0,0.8025935236662507
5,1,1,5,0.5,0.1,0.0,0.8025935236662507
5,1,1,6,0.5,0.1,0.0,0.8025935236662507
5,1,1,7,0.5,0.1,0.0,0.8025935236662507
5,1,1,8,0.5,0.1,0.0,0.8025935236662507
5,1,1,9,0.5,0.1,0.0,0.8025935236662507
5,1,1,10,0.5,0.1,0.0,0.8025935236662507
5,1,1,1,0.55,0.1,0.0,0.8016739834363658
5,1,1,2,0.55,0.1,0.0,0.8016739834363658
5,1,1,3,0.55,0.1,0.0,0.8016739834363658
5,1,1,4,0.55,0.1,0.0,0.8016739834363658
5,1,1,5,0.55,0.1,0.0,0.8016739834363658
5,1,1,6,0.55,0.1,0.0,0.8016739834363658
5,1,1,7,0.55,0.1,0.0,0.8016739834363658
5,1,1,8,0.55,0.1,0.0,0.8016739834363658
5,1,1,9,0.55,0.1,0.0,0.8016739834363658
5,1,1,10,0.55,0.1,0.0,0.8016739834363658
5,1,1,1,0.6,0.1,0.0,0.8015995732541388
5,1,1,2,0.6,0.1,0.0,0.8015995732541388
5,1,1,3,0.6,0.1,0.0,0.8015995732541388
5,1,1,4,0.6,0.1,0.0,0.8015995732541388
5,1,1,5,0.6,0.1,0.0,0.8015995732541388
5,1,1,6,0.6,0.1,0.0,0.8015995732541388
5,1,1,7,0.6,0.1,0.0,0.8015995732541388
5,1,1,8,0.6,0.1,0.0,0.8015995732541388
5,1,1,9,0.6,0.1,0.0,0.8015995732541388
5,1,1,10,0.6,0.1,0.0,0.8015995732541388
5,1,1,1,0.65,0.1,0.0,0.8015995732541388
5,1,1,2,0.65,0.1,0.0,0.8015995732541388
5,1,1,3,0.65,0.1,0.0,0.8015995732541388
5,1,1,4,0.65,0.1,0.0,0.8015995732541388
5,1,1,5,0.65,0.1,0.0,0.8015995732541388
5,1,1,6,0.65,0.1,0.0,0.8015995732541388
5,1,1,7,0.65,0.1,0.0,0.8015995732541388
5,1,1,8,0.65,0.1,0.0,0.8015995732541388
5,1,1,9,0.65,0.1,0.0,0.8015995732541388
5,1,1,10,0.65,0.1,0.0,0.8015995732541388
5,1,1,1,0.75,0.1,0.0,0.8015294552539688
5,1,1,2,0.75,0.1,0.0,0.8015294552539688
5,1,1,3,0.75,0.1,0.0,0.8015294552539688
5,1,1,4,0.75,0.1,0.0,0.8015294552539688
5,1,1,5,0.75,0.1,0.0,0.8015294552539688
5,1,1,6,0.75,0.1,0.0,0.8015294552539688
5,1,1,7,0.75,0.1,0.0,0.8015294552539688
5,1,1,8,0.75,0.1,0.0,0.8015294552539688
5,1,1,9,0.75,0.1,0.0,0.8015294552539688
5,1,1,10,0.75,0.1,0.0,0.8015294552539688
5,1,1,1,0.8,0.1,0.0,0.8015294552539688
5,1,1,2,0.8,0.1,0.0,0.8015294552539688
5,1,1,3,0.8,0.1,0.0,0.8015294552539688
5,1,1,4,0.8,0.1,0.0,0.8015294552539688
5,1,1,5,0.8,0.1,0.0,0.8015294552539688
5,1,1,6,0.8,0.1,0.0,0.8015294552539688
5,1,1,7,0.8,0.1,0.0,0.8015294552539688
5,1,1,8,0.8,0.1,0.0,0.8015294552539688
5,1,1,9,0.8,0.1,0.0,0.8015294552539688
5,1,1,10,0.8,0.1,0.0,0.8015294552539688
3,1,1,6,0.6,0.1,0.1,0.80130274377632
5,1,1,1,0.95,0.1,0.0,0.8003697118478775
5,1,1,2,0.95,0.1,0.0,0.8003697118478775
5,1,1,3,0.95,0.1,0.0,0.8003697118478775
5,1,1,4,0.95,0.1,0.0,0.8003697118478775
5,1,1,5,0.95,0.1,0.0,0.8003697118478775
5,1,1,6,0.95,0.1,0.0,0.8003697118478775
5,1,1,7,0.95,0.1,0.0,0.8003697118478775
5,1,1,8,0.95,0.1,0.0,0.8003697118478775
5,1,1,9,0.95,0.1,0.0,0.8003697118478775
5,1,1,10,0.95,0.1,0.0,0.8003697118478775
3,1,1,7,0.6,0.1,0.1,0.8002231727016167
5,1,1,1,0.85,0.1,0.0,0.7997717492836788
5,1,1,2,0.85,0.1,0.0,0.7997717492836788
5,1,1,3,0.85,0.1,0.0,0.7997717492836788
5,1,1,4,0.85,0.1,0.0,0.7997717492836788
5,1,1,5,0.85,0.1,0.0,0.7997717492836788
5,1,1,6,0.85,0.1,0.0,0.7997717492836788
5,1,1,7,0.85,0.1,0.0,0.7997717492836788
5,1,1,8,0.85,0.1,0.0,0.7997717492836788
5,1,1,9,0.85,0.1,0.0,0.7997717492836788
5,1,1,10,0.85,0.1,0.0,0.7997717492836788
5,1,1,1,0.9,0.1,0.0,0.7997717492836788
5,1,1,2,0.9,0.1,0.0,0.7997717492836788
5,1,1,3,0.9,0.1,0.0,0.7997717492836788
5,1,1,4,0.9,0.1,0.0,0.7997717492836788
5,1,1,5,0.9,0.1,0.0,0.7997717492836788
5,1,1,6,0.9,0.1,0.0,0.7997717492836788
5,1,1,7,0.9,0.1,0.0,0.7997717492836788
5,1,1,8,0.9,0.1,0.0,0.7997717492836788
5,1,1,9,0.9,0.1,0.0,0.7997717492836788
5,1,1,10,0.9,0.1,0.0,0.7997717492836788
3,1,1,5,0.9,0.1,0.1,0.7987787564362727
3,1,1,6,0.75,0.1,0.1,0.7985173690535139
3,1,1,7,0.7,0.1,0.1,0.7983070465127002
3,1,1,7,0.65,0.1,0.1,0.7982727197846615
3,1,1,6,0.65,0.1,0.1,0.7978877177477837
3,1,1,6,0.7,0.1,0.1,0.7978877177477837
3,1,1,10,0.55,0.1,0.1,0.797766460258492
3,1,1,6,0.85,0.1,0.1,0.7977197467925808
3,1,1,9,0.55,0.1,0.1,0.7971121791892729
3,1,1,8,0.6,0.1,0.1,0.7970716718785253
3,1,1,6,1.0,0.1,0.1,0.7964097908411638
3,1,1,6,0.8,0.1,0.1,0.7956531522948161
3,1,1,8,0.65,0.1,0.1,0.7951588476501736
3,1,1,9,0.65,0.1,0.1,0.795050858322439
3,1,1,9,0.6,0.1,0.1,0.794826236663345
3,1,1,7,0.75,0.1,0.1,0.794790622711194
3,1,1,9,0.75,0.1,0.1,0.7944482958526078
3,1,1,4,1.0,0.1,0.1,0.7943291562674683
3,1,1,8,0.75,0.1,0.1,0.7942909428745574
3,1,1,1,0.5,0.1,0.05,0.7939903291864134
3,1,1,8,0.7,0.1,0.1,0.7937894896825537
3,1,1,9,0.7,0.1,0.1,0.7937373489464281
3,1,1,10,0.6,0.1,0.1,0.7937116439600848
3,1,1,8,0.8,0.1,0.1,0.7936429247839081
3,1,1,6,0.95,0.1,0.1,0.7934936134232469
3,1,1,7,0.8,0.1,0.1,0.7934728638324995
3,1,1,6,0.9,0.1,0.1,0.7933978473544461
3,1,1,9,0.8,0.1,0.1,0.7929957540765549
3,1,1,5,1.0,0.1,0.1,0.7923527897161617
3,1,1,5,0.95,0.1,0.1,0.7919920889853134
3,1,1,1,0.55,0.1,0.05,0.7919815392600685
3,1,1,10,0.8,0.1,0.1,0.7916148403911819
3,1,1,1,0.65,0.1,0.05,0.7913427199846527
3,1,1,1,0.7,0.1,0.05,0.7913427199846527
3,1,1,10,0.65,0.1,0.1,0.7912920180353573
3,1,1,2,0.7,0.1,0.05,0.7912370102340827
3,1,1,2,0.5,0.1,0.05,0.7911945356253015
3,1,1,10,0.75,0.1,0.1,0.7911142805681718
3,1,1,2,0.65,0.1,0.05,0.7910321575403513
3,1,1,10,0.7,0.1,0.1,0.7903988960921436
3,1,1,7,0.85,0.1,0.1,0.790202962585297
3,1,1,9,0.85,0.1,0.1,0.7899018602463128
3,1,1,1,0.6,0.1,0.05,0.7896981878017216
3,1,1,1,0.75,0.1,0.05,0.7895982723739952
3,1,1,3,0.5,0.1,0.05,0.7895476610123573
3,1,1,7,0.9,0.1,0.1,0.7887019108874337
3,1,1,2,0.6,0.1,0.05,0.7882388145571729
3,1,1,8,0.85,0.1,0.1,0.7879960853315351
3,1,1,2,0.55,0.1,0.05,0.7878550243652797
3,1,1,7,1.0,0.1,0.1,0.7875249520540575
3,1,1,10,0.85,0.1,0.1,0.7866940342686393
3,1,1,4,0.5,0.1,0.05,0.7866934093758218
3,1,1,5,0.5,0.1,0.05,0.7866897600177563
3,1,1,7,0.95,0.1,0.1,0.7860589991852471
3,1,1,8,0.95,0.1,0.1,0.7857169573437223
3,1,1,10,0.9,0.1,0.1,0.7856725111873
3,1,1,9,0.9,0.1,0.1,0.7856326130419437
3,1,1,8,0.9,0.1,0.1,0.7855866389485127
3,1,1,3,0.6,0.1,0.05,0.7855656905129816
3,1,1,2,0.8,0.1,0.05,0.78548157847316
3,1,1,2,0.75,0.1,0.05,0.7849977397342343
3,1,1,4,0.6,0.1,0.05,0.7845667801126939
3,1,1,7,0.5,0.1,0.05,0.7844847584313408
3,1,1,8,1.0,0.1,0.1,0.7843919728196992
3,1,1,3,0.55,0.1,0.05,0.7841284449741103
3,1,1,4,0.55,0.1,0.05,0.7838218897061178
3,1,1,9,1.0,0.1,0.1,0.7836833528700924
3,1,1,10,1.0,0.1,0.1,0.7836833528700924
3,1,1,5,0.55,0.1,0.05,0.7832370492025754
3,1,1,3,0.8,0.1,0.05,0.7831863535173843
3,1,1,1,0.8,0.1,0.05,0.782847640107604
3,1,1,9,0.95,0.1,0.1,0.7828079949220268
3,1,1,10,0.95,0.1,0.1,0.7828001817548683
3,1,1,3,0.75,0.1,0.05,0.782673760873111
3,1,1,5,0.85,0.1,0.05,0.7826627347815732
3,1,1,6,0.5,0.1,0.05,0.782541892403467
3,1,1,5,0.9,0.1,0.05,0.7822134672352392
3,1,1,4,1.0,0.1,0.05,0.7820527856894532
3,1,1,5,0.95,0.1,0.05,0.7819722675476418
3,1,1,8,0.5,0.1,0.05,0.7819480428828333
3,1,1,8,0.95,0.1,0.05,0.7815839075057637
3,1,1,10,0.9,0.1,0.05,0.7814169518387801
3,1,1,4,0.95,0.1,0.05,0.7813580060554413
3,1,1,5,0.7,0.1,0.05,0.7813554166178606
3,1,1,4,0.75,0.1,0.05,0.7812940613003049
3,1,1,4,0.7,0.1,0.05,0.7812607328456084
3,1,1,8,1.0,0.1,0.05,0.781218264836522
3,1,1,4,0.8,0.1,0.05,0.7811459274589466
3,1,1,4,0.85,0.1,0.05,0.7810252801492191
3,1,1,2,0.85,0.1,0.05,0.7809744817153162
3,1,1,6,0.95,0.1,0.05,0.7809546224399844
3,1,1,4,0.65,0.1,0.05,0.7808784893612043
3,1,1,8,0.9,0.1,0.05,0.7808217749015258
3,1,1,7,0.7,0.1,0.05,0.7807824112441234
3,1,1,5,0.8,0.1,0.05,0.7807401243676673
3,1,1,1,1.0,0.1,0.05,0.7807355252422591
3,1,1,7,1.0,0.1,0.05,0.7803616421477245
3,1,1,4,0.9,0.1,0.05,0.7802938415060214
3,1,1,3,0.85,0.1,0.05,0.7802491191267765
3,1,1,5,1.0,0.1,0.05,0.7802474460182154
3,1,1,6,0.55,0.1,0.05,0.7802095466955172
3,1,1,7,0.85,0.1,0.05,0.7801769698821137
3,1,1,3,0.95,0.1,0.05,0.7801463994977114
3,1,1,9,1.0,0.1,0.05,0.7801435938635969
3,1,1,3,0.65,0.1,0.05,0.7801245379695274
3,1,1,1,0.95,0.1,0.05,0.7800933310101472
3,1,1,3,0.7,0.1,0.05,0.780074698401712
3,1,1,5,0.75,0.1,0.05,0.7800694658143208
3,1,1,1,0.85,0.1,0.05,0.7800616277107048
3,1,1,7,0.95,0.1,0.05,0.7798585141336012
3,1,1,7,0.9,0.1,0.05,0.7797575028119421
3,1,1,10,0.95,0.1,0.05,0.7797531077858079
3,1,1,9,0.5,0.1,0.05,0.7797082327426471
3,1,1,6,0.8,0.1,0.05,0.7795963330277143
3,1,1,2,0.9,0.1,0.05,0.7795632845273176
3,1,1,9,0.95,0.1,0.05,0.7795177812407612
3,1,1,10,0.85,0.1,0.05,0.7795115606346403
3,1,1,7,0.75,0.1,0.05,0.7793585421568887
3,1,1,8,0.85,0.1,0.05,0.7793368643177256
3,1,1,5,0.6,0.1,0.05,0.7792262879859306
3,1,1,6,1.0,0.1,0.05,0.779115908726135
3,1,1,7,0.65,0.1,0.05,0.779092131835103
3,1,1,7,0.55,0.1,0.05,0.7790624458948541
3,1,1,3,1.0,0.1,0.05,0.778742304168116
3,1,1,10,0.5,0.1,0.05,0.7785477357094709
3,1,1,7,0.8,0.1,0.05,0.7785283166911224
3,1,1,6,0.9,0.1,0.05,0.778502404414196
3,1,1,3,0.9,0.1,0.05,0.7785008020987676
3,1,1,5,0.65,0.1,0.05,0.7784947206070978
3,1,1,8,0.65,0.1,0.05,0.778461674203468
3,1,1,7,0.6,0.1,0.05,0.7784299805795477
3,1,1,8,0.55,0.1,0.05,0.7783259567962884
3,1,1,1,0.9,0.1,0.05,0.7782794519642557
3,1,1,9,0.85,0.1,0.05,0.7781975214970382
3,1,1,6,0.75,0.1,0.05,0.7781375506771674
3,1,1,8,0.75,0.1,0.05,0.7781006463522149
3,1,1,6,0.7,0.1,0.05,0.778036430772445
3,1,1,10,1.0,0.1,0.05,0.7779906520931873
3,1,1,8,0.6,0.1,0.05,0.7777880266673791
3,1,1,9,0.9,0.1,0.05,0.777707417176132
3,1,1,8,0.8,0.1,0.05,0.7776529252739902
3,1,1,8,0.7,0.1,0.05,0.7776391156072009
3,1,1,2,0.95,0.1,0.05,0.7775724255115203
3,1,1,2,1.0,0.1,0.05,0.7775052386627153
3,1,1,9,0.65,0.1,0.05,0.7774231362068531
3,1,1,9,0.6,0.1,0.05,0.7772758874743566
3,1,1,10,0.6,0.1,0.05,0.7770949286437345
3,1,1,9,0.55,0.1,0.05,0.7770921419168219
3,1,1,10,0.8,0.1,0.05,0.7767317998243954
3,1,1,10,0.55,0.1,0.05,0.7766122572618885
3,1,1,6,0.65,0.1,0.05,0.7764828373914072
1,1,1,8,1.0,0.1,0.05,0.7763670559560273
3,1,1,6,0.6,0.1,0.05,0.7763067781425886
3,1,1,9,0.8,0.1,0.05,0.7762254162028257
3,1,1,6,0.85,0.1,0.05,0.7760356833872056
3,1,1,9,0.75,0.1,0.05,0.7754685557294793
3,1,1,9,0.7,0.1,0.05,0.7750220682543798
3,1,1,10,0.7,0.1,0.05,0.7750051713441005
3,1,1,10,0.65,0.1,0.05,0.7748981079857313
3,1,1,10,0.75,0.1,0.05,0.7739657286929783
1,1,1,7,0.95,0.1,0.05,0.7734977108242329
1,1,1,7,1.0,0.1,0.05,0.7734977108242329
1,1,1,9,1.0,0.1,0.05,0.7718697726027302
1,1,1,10,1.0,0.1,0.05,0.7714641096928101
1,1,1,7,0.9,0.1,0.05,0.7713675678830672
1,1,1,8,0.95,0.1,0.05,0.770717583124195
1,1,1,5,1.0,0.1,0.05,0.7662941881538281
1,1,1,5,0.95,0.1,0.05,0.7652675391710513
1,1,1,7,0.85,0.1,0.05,0.7647673578393464
1,1,1,5,0.9,0.1,0.05,0.7643621052666212
1,1,1,4,0.75,0.1,0.1,0.7642037125120393
1,1,1,10,0.95,0.1,0.05,0.76402134630402
1,1,1,5,0.75,0.1,0.1,0.7638234270511985
1,1,1,4,0.95,0.1,0.1,0.7637834134639538
1,1,1,4,1.0,0.1,0.1,0.7637834134639538
1,1,1,5,0.6,0.1,0.05,0.7632952835958867
1,1,1,4,0.8,0.1,0.1,0.7631798692103469
1,1,1,10,0.55,0.1,0.1,0.7628244443970069
1,1,1,10,0.7,0.1,0.2,0.7628244443970069
1,1,1,10,0.6,0.1,0.15,0.762690898965547
1,1,1,10,0.7,0.1,0.15,0.7626796389670086
1,1,1,10,0.65,0.1,0.05,0.7626281303279505
1,1,1,10,0.8,0.1,0.05,0.762392328389336
1,1,1,10,0.75,0.1,0.05,0.7623852543832738
1,1,1,10,0.7,0.1,0.1,0.7623524489647353
1,1,1,10,0.9,0.1,0.1,0.7622765092728054
1,1,1,4,0.95,0.1,0.05,0.7622716356960093
1,1,1,4,1.0,0.1,0.05,0.7622716356960093
1,1,1,5,0.8,0.1,0.1,0.7621432790414515
1,1,1,6,1.0,0.1,0.05,0.7619358102583922
1,1,1,10,0.85,0.1,0.1,0.7615334268750518
1,1,1,5,0.85,0.1,0.15,0.761440441753979
1,1,1,10,0.6,0.1,0.1,0.761396216127789
1,1,1,10,0.5,0.1,0.1,0.7612492310417911
1,1,1,5,0.65,0.1,0.1,0.761247768485974
1,1,1,8,0.9,0.1,0.05,0.7611862852815108
1,1,1,8,0.8,0.1,0.05,0.7611806176101461
1,1,1,4,0.85,0.1,0.05,0.7611717763125698
1,1,1,4,0.9,0.1,0.05,0.7611717763125698
1,1,1,10,0.5,0.1,0.05,0.7610690261255156
1,1,1,10,0.55,0.1,0.05,0.7610690261255156
1,1,1,10,0.6,0.1,0.05,0.7610690261255156
1,1,1,9,0.95,0.1,0.05,0.7610462741954453
1,1,1,5,0.7,0.1,0.15,0.7610303802024854
1,1,1,9,0.9,0.1,0.05,0.7609659822145552
1,1,1,4,0.7,0.1,0.1,0.7609484660369261
1,1,1,10,0.7,0.1,0.05,0.7609479823182035
1,1,1,10,0.85,0.1,0.05,0.7607001337739883
1,1,1,10,0.9,0.1,0.05,0.7607001337739883
1,1,1,9,0.65,0.1,0.05,0.7605409711418607
1,1,1,5,0.85,0.1,0.1,0.7602754374722542
1,1,1,8,0.85,0.1,0.05,0.760174306638528
1,1,1,9,0.75,0.1,0.05,0.7600482011025176
1,1,1,9,0.85,0.1,0.05,0.7598622222937277
1,1,1,9,0.8,0.1,0.05,0.7597790976028571
1,1,1,5,0.55,0.1,0.05,0.7595193305017532
1,1,1,5,0.85,0.1,0.05,0.759445668143604
1,1,1,5,0.7,0.1,0.1,0.7593380358662352
1,1,1,8,0.75,0.1,0.05,0.7593078218193241
1,1,1,1,0.75,0.1,0.05,0.7591723577119879
1,1,1,2,0.75,0.1,0.05,0.7591723577119879
1,1,1,8,0.65,0.1,0.05,0.7591443790398762
1,1,1,8,0.7,0.1,0.05,0.7590692081176671
1,1,1,1,0.9,0.1,0.05,0.7588336594723575
1,1,1,2,0.9,0.1,0.05,0.7588336594723575
1,1,1,9,0.7,0.1,0.05,0.7586280015503558
1,1,1,1,0.8,0.1,0.05,0.7582956164969217
1,1,1,2,0.8,0.1,0.05,0.7582956164969217
1,1,1,5,0.5,0.1,0.05,0.7578230070128036
1,1,1,1,0.85,0.1,0.05,0.7577228466943069
1,1,1,2,0.85,0.1,0.05,0.7577228466943069
1,1,1,1,1.0,0.1,0.1,0.7573199334496843
1,1,1,2,1.0,0.1,0.1,0.7573199334496843
1,1,1,4,0.6,0.1,0.05,0.7569965303813799
1,1,1,4,0.65,0.1,0.05,0.7562029143703672
1,1,1,6,0.95,0.1,0.05,0.7558098644998996
1,1,1,4,0.8,0.1,0.05,0.7556871672857252
1,1,1,2,0.95,0.1,0.1,0.7556403230339663
1,1,1,5,0.8,0.1,0.05,0.7555501572452369
1,1,1,1,0.95,0.1,0.05,0.7552577711503814
1,1,1,2,0.95,0.1,0.05,0.7552577711503814
1,1,1,1,1.0,0.1,0.05,0.7549941993313214
1,1,1,2,1.0,0.1,0.05,0.7549941993313214
1,1,1,7,0.8,0.1,0.05,0.7543169691956908
1,1,1,8,0.6,0.1,0.05,0.7542015758430849
1,1,1,5,0.65,0.1,0.05,0.7536811716677033
1,1,1,9,0.55,0.1,0.05,0.7536041807719689
1,1,1,9,0.6,0.1,0.05,0.7536041807719689
1,1,1,1,0.7,0.1,0.05,0.7534532820503029
1,1,1,9,0.5,0.1,0.05,0.7533307785162132
1,1,1,2,0.7,0.1,0.05,0.7529323939633772
1,1,1,4,0.7,0.1,0.05,0.7528636347636416
1,1,1,4,0.55,0.1,0.05,0.7527348425923754
1,1,1,6,0.8,0.1,0.05,0.7525859418242649
1,1,1,6,0.85,0.1,0.05,0.7525859418242649
1,1,1,6,0.9,0.1,0.05,0.7525859418242649
1,1,1,5,0.75,0.1,0.05,0.7525270240467132
1,1,1,7,0.7,0.1,0.05,0.7521318238467909
1,1,1,6,0.75,0.1,0.1,0.752065447925744
1,1,1,5,0.7,0.1,0.05,0.752038047860826
1,1,1,4,0.5,0.1,0.05,0.7517756083001192
1,1,1,1,0.55,0.1,0.15,0.751321242113653
1,1,1,8,0.55,0.1,0.05,0.7504008662384999
1,1,1,6,0.6,0.1,0.05,0.7503905419547395
1,1,1,6,0.65,0.1,0.05,0.750385299915997
1,1,1,6,0.75,0.1,0.05,0.750385299915997
1,1,1,2,0.55,0.1,0.2,0.7501219742889029
1,1,1,1,0.6,0.1,0.2,0.7501219742889029
1,1,1,1,0.6,0.1,0.25,0.7501219742889029
1,1,1,1,0.6,0.1,0.3,0.7501219742889029
1,1,1,1,0.6,0.1,0.35,0.7501219742889029
1,1,1,1,0.6,0.1,0.4,0.7501219742889029
1,1,1,4,0.75,0.1,0.05,0.7500759083638535
1,1,1,1,0.6,0.1,0.15,0.7500076846756027
1,1,1,2,0.6,0.1,0.15,0.7500076846756027
1,1,1,1,0.55,0.1,0.1,0.749781815768148
1,1,1,7,0.75,0.1,0.05,0.7497510199152841
1,1,1,1,0.5,0.1,0.1,0.7495159681252737
1,1,1,2,0.5,0.1,0.1,0.7495159681252737
1,1,1,2,0.55,0.1,0.15,0.7495159681252737
1,1,1,6,0.7,0.1,0.05,0.7491990425372008
1,1,1,7,0.65,0.1,0.05,0.7490447178647899
1,1,1,7,0.6,0.1,0.05,0.7489269639514493
1,1,1,1,0.5,0.1,0.05,0.7484429658352478
1,1,1,2,0.5,0.1,0.05,0.7484429658352478
1,1,1,1,0.6,0.1,0.1,0.7484429658352478
1,1,1,2,0.6,0.1,0.1,0.7484429658352478
1,1,1,2,0.55,0.1,0.1,0.7481382094572129
1,1,1,1,0.6,0.1,0.05,0.7481277375447937
1,1,1,2,0.6,0.1,0.05,0.7481277375447937
1,1,1,6,0.55,0.1,0.05,0.7477445756667709
1,1,1,8,0.5,0.1,0.05,0.7477150534042862
1,1,1,7,0.55,0.1,0.05,0.7473904791120328
1,1,1,1,0.65,0.1,0.05,0.7470346165928351
1,1,1,2,0.65,0.1,0.05,0.7470346165928351
1,1,1,3,0.9,0.1,0.05,0.7459248330173756
1,1,1,3,0.95,0.1,0.05,0.7458900090470819
1,1,1,1,0.55,0.1,0.05,0.7453846330291998
1,1,1,2,0.55,0.1,0.05,0.7453846330291998
1,1,1,7,0.5,0.1,0.05,0.7452983652179491
1,1,1,3,0.8,0.1,0.05,0.7445861573102852
1,1,1,3,0.85,0.1,0.05,0.742919021838455
1,1,1,3,1.0,0.1,0.1,0.7422076932581575
1,1,1,3,1.0,0.1,0.05,0.7421936664125822
1,1,1,3,0.5,0.1,0.3,0.7392061598298418
1,1,1,6,0.5,0.1,0.05,0.7382845497617372
1,1,1,3,0.5,0.1,0.25,0.737707100845435
1,1,1,3,0.75,0.1,0.05,0.7369059633007377
1,1,1,3,0.5,0.1,0.2,0.7362210295324836
1,1,1,3,0.7,0.1,0.05,0.7360122465814054
1,1,1,3,0.5,0.1,0.1,0.7350769190778905
1,1,1,3,0.5,0.1,0.15,0.7350769190778905
1,1,1,3,0.55,0.1,0.15,0.7350769190778905
1,1,1,3,0.65,0.1,0.05,0.7350320939727711
1,1,1,3,0.6,0.1,0.05,0.7304052997341945
1,1,1,3,0.55,0.1,0.1,0.7295592648735776
1,1,1,3,0.55,0.1,0.05,0.726824025651061
1,1,1,3,0.5,0.1,0.05,0.724080236990643
2,1,1,1,0.65,0.1,0.0,0.7229643916513767
2,1,1,2,0.65,0.1,0.0,0.7229643916513767
2,1,1,3,0.65,0.1,0.0,0.7229643916513767
2,1,1,4,0.65,0.1,0.0,0.7229643916513767
2,1,1,5,0.65,0.1,0.0,0.7229643916513767
2,1,1,6,0.65,0.1,0.0,0.7229643916513767
2,1,1,7,0.65,0.1,0.0,0.7229643916513767
2,1,1,8,0.65,0.1,0.0,0.7229643916513767
2,1,1,9,0.65,0.1,0.0,0.7229643916513767
2,1,1,10,0.65,0.1,0.0,0.7229643916513767
2,1,1,1,0.5,0.1,0.0,0.7223506211813651
2,1,1,2,0.5,0.1,0.0,0.7223506211813651
2,1,1,3,0.5,0.1,0.0,0.7223506211813651
2,1,1,4,0.5,0.1,0.0,0.7223506211813651
2,1,1,5,0.5,0.1,0.0,0.7223506211813651
2,1,1,6,0.5,0.1,0.0,0.7223506211813651
2,1,1,7,0.5,0.1,0.0,0.7223506211813651
2,1,1,8,0.5,0.1,0.0,0.7223506211813651
2,1,1,9,0.5,0.1,0.0,0.7223506211813651
2,1,1,10,0.5,0.1,0.0,0.7223506211813651
2,1,1,1,0.55,0.1,0.0,0.7223506211813651
2,1,1,2,0.55,0.1,0.0,0.7223506211813651
2,1,1,3,0.55,0.1,0.0,0.7223506211813651
2,1,1,4,0.55,0.1,0.0,0.7223506211813651
2,1,1,5,0.55,0.1,0.0,0.7223506211813651
2,1,1,6,0.55,0.1,0.0,0.7223506211813651
2,1,1,7,0.55,0.1,0.0,0.7223506211813651
2,1,1,8,0.55,0.1,0.0,0.7223506211813651
2,1,1,9,0.55,0.1,0.0,0.7223506211813651
2,1,1,10,0.55,0.1,0.0,0.7223506211813651
2,1,1,1,0.6,0.1,0.0,0.7223506211813651
2,1,1,2,0.6,0.1,0.0,0.7223506211813651
2,1,1,3,0.6,0.1,0.0,0.7223506211813651
2,1,1,4,0.6,0.1,0.0,0.7223506211813651
2,1,1,5,0.6,0.1,0.0,0.7223506211813651
2,1,1,6,0.6,0.1,0.0,0.7223506211813651
2,1,1,7,0.6,0.1,0.0,0.7223506211813651
2,1,1,8,0.6,0.1,0.0,0.7223506211813651
2,1,1,9,0.6,0.1,0.0,0.7223506211813651
2,1,1,10,0.6,0.1,0.0,0.7223506211813651
2,1,1,1,0.8,0.1,0.0,0.7208440513405993
2,1,1,2,0.8,0.1,0.0,0.7208440513405993
2,1,1,3,0.8,0.1,0.0,0.7208440513405993
2,1,1,4,0.8,0.1,0.0,0.7208440513405993
2,1,1,5,0.8,0.1,0.0,0.7208440513405993
2,1,1,6,0.8,0.1,0.0,0.7208440513405993
2,1,1,7,0.8,0.1,0.0,0.7208440513405993
2,1,1,8,0.8,0.1,0.0,0.7208440513405993
2,1,1,9,0.8,0.1,0.0,0.7208440513405993
2,1,1,10,0.8,0.1,0.0,0.7208440513405993
2,1,1,1,0.75,0.1,0.0,0.7193610628883013
2,1,1,2,0.75,0.1,0.0,0.7193610628883013
2,1,1,3,0.75,0.1,0.0,0.7193610628883013
2,1,1,4,0.75,0.1,0.0,0.7193610628883013
2,1,1,5,0.75,0.1,0.0,0.7193610628883013
2,1,1,6,0.75,0.1,0.0,0.7193610628883013
2,1,1,7,0.75,0.1,0.0,0.7193610628883013
2,1,1,8,0.75,0.1,0.0,0.7193610628883013
2,1,1,9,0.75,0.1,0.0,0.7193610628883013
2,1,1,10,0.75,0.1,0.0,0.7193610628883013
2,1,1,1,0.7,0.1,0.0,0.718435710291122
2,1,1,2,0.7,0.1,0.0,0.718435710291122
2,1,1,3,0.7,0.1,0.0,0.718435710291122
2,1,1,4,0.7,0.1,0.0,0.718435710291122
2,1,1,5,0.7,0.1,0.0,0.718435710291122
2,1,1,6,0.7,0.1,0.0,0.718435710291122
2,1,1,7,0.7,0.1,0.0,0.718435710291122
2,1,1,8,0.7,0.1,0.0,0.718435710291122
2,1,1,9,0.7,0.1,0.0,0.718435710291122
2,1,1,10,0.7,0.1,0.0,0.718435710291122
2,1,1,1,0.85,0.1,0.0,0.7161101827703639
2,1,1,2,0.85,0.1,0.0,0.7161101827703639
2,1,1,3,0.85,0.1,0.0,0.7161101827703639
2,1,1,4,0.85,0.1,0.0,0.7161101827703639
2,1,1,5,0.85,0.1,0.0,0.7161101827703639
2,1,1,6,0.85,0.1,0.0,0.7161101827703639
2,1,1,7,0.85,0.1,0.0,0.7161101827703639
2,1,1,8,0.85,0.1,0.0,0.7161101827703639
2,1,1,9,0.85,0.1,0.0,0.7161101827703639
2,1,1,10,0.85,0.1,0.0,0.7161101827703639
2,1,1,1,0.9,0.1,0.0,0.7161101827703639
2,1,1,2,0.9,0.1,0.0,0.7161101827703639
2,1,1,3,0.9,0.1,0.0,0.7161101827703639
2,1,1,4,0.9,0.1,0.0,0.7161101827703639
2,1,1,5,0.9,0.1,0.0,0.7161101827703639
2,1,1,6,0.9,0.1,0.0,0.7161101827703639
2,1,1,7,0.9,0.1,0.0,0.7161101827703639
2,1,1,8,0.9,0.1,0.0,0.7161101827703639
2,1,1,9,0.9,0.1,0.0,0.7161101827703639
2,1,1,10,0.9,0.1,0.0,0.7161101827703639
2,1,1,1,0.95,0.1,0.0,0.7161101827703639
2,1,1,2,0.95,0.1,0.0,0.7161101827703639
2,1,1,3,0.95,0.1,0.0,0.7161101827703639
2,1,1,4,0.95,0.1,0.0,0.7161101827703639
2,1,1,5,0.95,0.1,0.0,0.7161101827703639
2,1,1,6,0.95,0.1,0.0,0.7161101827703639
2,1,1,7,0.95,0.1,0.0,0.7161101827703639
2,1,1,8,0.95,0.1,0.0,0.7161101827703639
2,1,1,9,0.95,0.1,0.0,0.7161101827703639
2,1,1,10,0.95,0.1,0.0,0.7161101827703639
2,1,1,1,1.0,0.1,0.0,0.7161101827703639
2,1,1,2,1.0,0.1,0.0,0.7161101827703639
2,1,1,3,1.0,0.1,0.0,0.7161101827703639
2,1,1,4,1.0,0.1,0.0,0.7161101827703639
2,1,1,5,1.0,0.1,0.0,0.7161101827703639
2,1,1,6,1.0,0.1,0.0,0.7161101827703639
2,1,1,7,1.0,0.1,0.0,0.7161101827703639
2,1,1,8,1.0,0.1,0.0,0.7161101827703639
2,1,1,9,1.0,0.1,0.0,0.7161101827703639
2,1,1,10,1.0,0.1,0.0,0.7161101827703639
3,1,1,1,0.8,0.1,0.0,0.7079125240674345
3,1,1,2,0.8,0.1,0.0,0.7079125240674345
3,1,1,3,0.8,0.1,0.0,0.7079125240674345
3,1,1,4,0.8,0.1,0.0,0.7079125240674345
3,1,1,5,0.8,0.1,0.0,0.7079125240674345
3,1,1,6,0.8,0.1,0.0,0.7079125240674345
3,1,1,7,0.8,0.1,0.0,0.7079125240674345
3,1,1,8,0.8,0.1,0.0,0.7079125240674345
3,1,1,9,0.8,0.1,0.0,0.7079125240674345
3,1,1,10,0.8,0.1,0.0,0.7079125240674345
3,1,1,1,0.6,0.1,0.0,0.7059335968643694
3,1,1,2,0.6,0.1,0.0,0.7059335968643694
3,1,1,3,0.6,0.1,0.0,0.7059335968643694
3,1,1,4,0.6,0.1,0.0,0.7059335968643694
3,1,1,5,0.6,0.1,0.0,0.7059335968643694
3,1,1,6,0.6,0.1,0.0,0.7059335968643694
3,1,1,7,0.6,0.1,0.0,0.7059335968643694
3,1,1,8,0.6,0.1,0.0,0.7059335968643694
3,1,1,9,0.6,0.1,0.0,0.7059335968643694
3,1,1,10,0.6,0.1,0.0,0.7059335968643694
3,1,1,1,0.65,0.1,0.0,0.7059335968643694
3,1,1,2,0.65,0.1,0.0,0.7059335968643694
3,1,1,3,0.65,0.1,0.0,0.7059335968643694
3,1,1,4,0.65,0.1,0.0,0.7059335968643694
3,1,1,5,0.65,0.1,0.0,0.7059335968643694
3,1,1,6,0.65,0.1,0.0,0.7059335968643694
3,1,1,7,0.65,0.1,0.0,0.7059335968643694
3,1,1,8,0.65,0.1,0.0,0.7059335968643694
3,1,1,9,0.65,0.1,0.0,0.7059335968643694
3,1,1,10,0.65,0.1,0.0,0.7059335968643694
3,1,1,1,0.7,0.1,0.0,0.7059335968643694
3,1,1,2,0.7,0.1,0.0,0.7059335968643694
3,1,1,3,0.7,0.1,0.0,0.7059335968643694
3,1,1,4,0.7,0.1,0.0,0.7059335968643694
3,1,1,5,0.7,0.1,0.0,0.7059335968643694
3,1,1,6,0.7,0.1,0.0,0.7059335968643694
3,1,1,7,0.7,0.1,0.0,0.7059335968643694
3,1,1,8,0.7,0.1,0.0,0.7059335968643694
3,1,1,9,0.7,0.1,0.0,0.7059335968643694
3,1,1,10,0.7,0.1,0.0,0.7059335968643694
3,1,1,1,0.75,0.1,0.0,0.7059335968643694
3,1,1,2,0.75,0.1,0.0,0.7059335968643694
3,1,1,3,0.75,0.1,0.0,0.7059335968643694
3,1,1,4,0.75,0.1,0.0,0.7059335968643694
3,1,1,5,0.75,0.1,0.0,0.7059335968643694
3,1,1,6,0.75,0.1,0.0,0.7059335968643694
3,1,1,7,0.75,0.1,0.0,0.7059335968643694
3,1,1,8,0.75,0.1,0.0,0.7059335968643694
3,1,1,9,0.75,0.1,0.0,0.7059335968643694
3,1,1,10,0.75,0.1,0.0,0.7059335968643694
3,1,1,1,0.5,0.1,0.0,0.7057113746421472
3,1,1,2,0.5,0.1,0.0,0.7057113746421472
3,1,1,3,0.5,0.1,0.0,0.7057113746421472
3,1,1,4,0.5,0.1,0.0,0.7057113746421472
3,1,1,5,0.5,0.1,0.0,0.7057113746421472
3,1,1,6,0.5,0.1,0.0,0.7057113746421472
3,1,1,7,0.5,0.1,0.0,0.7057113746421472
3,1,1,8,0.5,0.1,0.0,0.7057113746421472
3,1,1,9,0.5,0.1,0.0,0.7057113746421472
3,1,1,10,0.5,0.1,0.0,0.7057113746421472
3,1,1,1,0.55,0.1,0.0,0.7057113746421472
3,1,1,2,0.55,0.1,0.0,0.7057113746421472
3,1,1,3,0.55,0.1,0.0,0.7057113746421472
3,1,1,4,0.55,0.1,0.0,0.7057113746421472
3,1,1,5,0.55,0.1,0.0,0.7057113746421472
3,1,1,6,0.55,0.1,0.0,0.7057113746421472
3,1,1,7,0.55,0.1,0.0,0.7057113746421472
3,1,1,8,0.55,0.1,0.0,0.7057113746421472
3,1,1,9,0.55,0.1,0.0,0.7057113746421472
3,1,1,10,0.55,0.1,0.0,0.7057113746421472
3,1,1,1,0.85,0.1,0.0,0.7055382550615865
3,1,1,2,0.85,0.1,0.0,0.7055382550615865
3,1,1,3,0.85,0.1,0.0,0.7055382550615865
3,1,1,4,0.85,0.1,0.0,0.7055382550615865
3,1,1,5,0.85,0.1,0.0,0.7055382550615865
3,1,1,6,0.85,0.1,0.0,0.7055382550615865
3,1,1,7,0.85,0.1,0.0,0.7055382550615865
3,1,1,8,0.85,0.1,0.0,0.7055382550615865
3,1,1,9,0.85,0.1,0.0,0.7055382550615865
3,1,1,10,0.85,0.1,0.0,0.7055382550615865
3,1,1,1,0.9,0.1,0.0,0.7008835889729582
3,1,1,2,0.9,0.1,0.0,0.7008835889729582
3,1,1,3,0.9,0.1,0.0,0.7008835889729582
3,1,1,4,0.9,0.1,0.0,0.7008835889729582
3,1,1,5,0.9,0.1,0.0,0.7008835889729582
3,1,1,6,0.9,0.1,0.0,0.7008835889729582
3,1,1,7,0.9,0.1,0.0,0.7008835889729582
3,1,1,8,0.9,0.1,0.0,0.7008835889729582
3,1,1,9,0.9,0.1,0.0,0.7008835889729582
3,1,1,10,0.9,0.1,0.0,0.7008835889729582
3,1,1,1,1.0,0.1,0.0,0.6992394502059752
3,1,1,2,1.0,0.1,0.0,0.6992394502059752
3,1,1,3,1.0,0.1,0.0,0.6992394502059752
3,1,1,4,1.0,0.1,0.0,0.6992394502059752
3,1,1,5,1.0,0.1,0.0,0.6992394502059752
3,1,1,6,1.0,0.1,0.0,0.6992394502059752
3,1,1,7,1.0,0.1,0.0,0.6992394502059752
3,1,1,8,1.0,0.1,0.0,0.6992394502059752
3,1,1,9,1.0,0.1,0.0,0.6992394502059752
3,1,1,10,1.0,0.1,0.0,0.6992394502059752
3,1,1,1,0.95,0.1,0.0,0.6980523792677601
3,1,1,2,0.95,0.1,0.0,0.6980523792677601
3,1,1,3,0.95,0.1,0.0,0.6980523792677601
3,1,1,4,0.95,0.1,0.0,0.6980523792677601
3,1,1,5,0.95,0.1,0.0,0.6980523792677601
3,1,1,6,0.95,0.1,0.0,0.6980523792677601
3,1,1,7,0.95,0.1,0.0,0.6980523792677601
3,1,1,8,0.95,0.1,0.0,0.6980523792677601
3,1,1,9,0.95,0.1,0.0,0.6980523792677601
3,1,1,10,0.95,0.1,0.0,0.6980523792677601
1,1,1,6,0.5,0.1,0.0,0.453436486326555
1,1,1,2,0.5,0.1,0.0,0.45307810784295766
1,1,1,1,0.55,0.1,0.0,0.4353769119584545
1,1,1,4,0.65,0.1,0.0,0.4270453558305736
1,1,1,3,0.8,0.1,0.0,0.4142109690699511
1,1,1,5,0.8,0.1,0.0,0.3799296052547587
1,1,1,9,0.6,0.1,0.0,0.37475003853213396
1,1,1,3,0.6,0.1,0.0,0.3578907207084706
1,1,1,5,0.55,0.1,0.0,0.35392754015503747
1,1,1,9,0.7,0.1,0.0,0.3498352911292949
1,1,1,7,0.8,0.1,0.0,0.34449588347705384
1,1,1,7,1.0,0.1,0.0,0.3401395021814957
1,1,1,7,0.95,0.1,0.0,0.33190087930816337
1,1,1,10,0.75,0.1,0.0,0.3284416520556068
1,1,1,10,0.9,0.1,0.0,0.32301920626587177
1,1,1,7,0.65,0.1,0.0,0.31782679790537416
1,1,1,6,0.7,0.1,0.0,0.3094172808979922
1,1,1,9,0.5,0.1,0.0,0.3083777731006717
1,1,1,8,0.55,0.1,0.0,0.30674800095994786
1,1,1,8,0.85,0.1,0.0,0.3040627449420299
1,1,1,2,0.9,0.1,0.0,0.2957530711430243
1,1,1,4,0.7,0.1,0.0,0.294902635914074
1,1,1,8,0.65,0.1,0.0,0.2883705794797867
1,1,1,5,0.95,0.1,0.0,0.27655591438298655
1,1,1,7,0.6,0.1,0.0,0.27164844414566464
1,1,1,5,1.0,0.1,0.0,0.26811009695478816
1,1,1,8,0.95,0.1,0.0,0.25844164792724666
1,1,1,4,0.5,0.1,0.0,0.25207032939356877
1,1,1,6,0.65,0.1,0.0,0.24638932558598953
1,1,1,2,0.55,0.1,0.0,0.24539849090730523
1,1,1,1,0.65,0.1,0.0,0.23222849584425298
1,1,1,5,0.9,0.1,0.0,0.2287596545405167
1,1,1,6,0.9,0.1,0.0,0.2218374261730079
1,1,1,6,0.8,0.1,0.0,0.220421811670658
1,1,1,9,0.75,0.1,0.0,0.21624110627721826
1,1,1,4,0.55,0.1,0.0,0.21575681943379382
1,1,1,2,0.95,0.1,0.0,0.2113504711770166
1,1,1,10,0.6,0.1,0.0,0.20876081196587587
1,1,1,9,0.95,0.1,0.0,0.19730409547026356
1,1,1,1,0.7,0.1,0.0,0.19662560144321473
1,1,1,6,0.55,0.1,0.0,0.1962556691395841
1,1,1,8,0.6,0.1,0.0,0.194307905720267
1,1,1,4,0.9,0.1,0.0,0.1942931150758467
1,1,1,8,0.5,0.1,0.0,0.19361915105896668
1,1,1,6,0.75,0.1,0.0,0.18895056360392645
1,1,1,2,0.8,0.1,0.0,0.1887228235260536
1,1,1,9,0.8,0.1,0.0,0.18870066304870428
1,1,1,8,1.0,0.1,0.0,0.18535536072106343
1,1,1,10,0.65,0.1,0.0,0.18412618428112554
1,1,1,3,0.85,0.1,0.0,0.17918193240385516
1,1,1,9,0.9,0.1,0.0,0.17840532886426996
1,1,1,8,0.75,0.1,0.0,0.17546266777016403
1,1,1,3,0.5,0.1,0.0,0.17430924344095716
1,1,1,10,0.8,0.1,0.0,0.1675591622671084
1,1,1,8,0.7,0.1,0.0,0.1610639190116464
1,1,1,1,0.9,0.1,0.0,0.15619240266073617
1,1,1,2,0.85,0.1,0.0,0.15077769421501075
1,1,1,2,0.6,0.1,0.0,0.1468721101358596
1,1,1,4,0.85,0.1,0.0,0.14261012174725302
1,1,1,4,0.6,0.1,0.0,0.14162506799040286
1,1,1,10,0.55,0.1,0.0,0.10529665238608335
1,1,1,5,0.7,0.1,0.0,0.10196976326964606
1,1,1,4,1.0,0.1,0.0,0.09981410351927048
1,1,1,5,0.65,0.1,0.0,0.08972163902771371
1,1,1,7,0.5,0.1,0.0,0.08699193955802928
1,1,1,7,0.75,0.1,0.0,0.08695008931867441
1,1,1,2,1.0,0.1,0.0,0.08523703236994212
1,1,1,9,0.85,0.1,0.0,0.0826426679805474
1,1,1,9,1.0,0.1,0.0,0.08091063479838859
1,1,1,1,0.95,0.1,0.0,0.0667084831544693
1,1,1,3,0.65,0.1,0.0,0.06590379141585437
1,1,1,10,1.0,0.1,0.0,0.06423914372860833
1,1,1,4,0.95,0.1,0.0,0.06279426463346344
1,1,1,1,0.85,0.1,0.0,0.06146704486099183
1,1,1,2,0.7,0.1,0.0,0.05989745523178236
1,1,1,7,0.9,0.1,0.0,0.05738397719243571
1,1,1,8,0.9,0.1,0.0,0.05667234014738478
1,1,1,1,0.6,0.1,0.0,0.05444754462721398
1,1,1,10,0.7,0.1,0.0,0.05382198021314022
1,1,1,3,0.7,0.1,0.0,0.04890983900738309
1,1,1,2,0.65,0.1,0.0,0.047082375806452616
1,1,1,1,1.0,0.1,0.0,0.041249175948192184
1,1,1,4,0.8,0.1,0.0,0.03539798311511154
1,1,1,10,0.5,0.1,0.0,0.034060943680810495
1,1,1,5,0.6,0.1,0.0,0.03299849436073831
1,1,1,7,0.55,0.1,0.0,0.030744245158724242
1,1,1,6,0.85,0.1,0.0,0.030551230372595987
1,1,1,1,0.75,0.1,0.0,0.029666688133017472
1,1,1,3,1.0,0.1,0.0,0.02623054627269518
1,1,1,9,0.65,0.1,0.0,0.02510816022916105
1,1,1,5,0.75,0.1,0.0,0.021757165140216538
1,1,1,10,0.85,0.1,0.0,0.0192992421357602
1,1,1,3,0.55,0.1,0.0,0.019284776528017144
1,1,1,8,0.8,0.1,0.0,0.01797028257402015
1,1,1,6,1.0,0.1,0.0,0.01797028257402015
1,1,1,3,0.9,0.1,0.0,0.017789030430138495
1,1,1,6,0.95,0.1,0.0,0.017758670205399195
1,1,1,1,0.5,0.1,0.0,0.014399529945434225
1,1,1,5,0.85,0.1,0.0,0.013475858434616291
1,1,1,7,0.85,0.1,0.0,0.013331973802430605
1,1,1,6,0.6,0.1,0.0,0.012007068392879527
1,1,1,4,0.75,0.1,0.0,0.01194618602833097
1,1,1,9,0.55,0.1,0.0,0.011567137588775492
1,1,1,2,0.75,0.1,0.0,0.010392879759159375
1,1,1,3,0.95,0.1,0.0,0.0101002287031982
1,1,1,7,0.7,0.1,0.0,0.009826285349870255
1,1,1,10,0.95,0.1,0.0,0.009030017944448448
1,1,1,3,0.75,0.1,0.0,0.008804280514418701
1,1,1,1,0.8,0.1,0.0,0.008804280514418701
1,1,1,5,0.5,0.1,0.0,0.008327863776777036
